CREATE TABLE lines (
    id integer primary key,
    name_sv text,
    name_fi text,
    name_en text
);

CREATE TABLE stops (
    id integer primary key,
    name text,
    lat decimal,
    lng decimal
);

CREATE TABLE line_segments (
    id integer primary key,
    from_stop integer references stops(id),
    to_stop integer references stops(id),
    line integer references lines(id),
    geometry text
);

INSERT INTO lines (id, name_sv, name_fi, name_en) VALUES (1, 'Norra linjen', 'Pohjoinen linja', 'Northen line');
INSERT INTO lines (id, name_sv, name_fi, name_en) VALUES (2, 'Södra linjen', 'Eteläinen linja', 'Southern line');
INSERT INTO lines (id, name_sv, name_fi, name_en) VALUES (3, 'Tvärgående linjen', 'Poikittainen linja', 'Cross line');
INSERT INTO lines (id, name_sv, name_fi, name_en) VALUES (4, 'Föglölinjen', 'Föglön linja', 'Föglö line');

INSERT INTO stops (id, name, lat, lng) VALUES (1, 'Snäckö', 60.21916, 20.72675);
INSERT INTO stops (id, name, lat, lng) VALUES (2, 'Sottunga', 60.11003, 20.68214);
INSERT INTO stops (id, name, lat, lng) VALUES (3, 'Överö', 60.11145, 20.51089);
INSERT INTO stops (id, name, lat, lng) VALUES (4, 'Långnäs', 60.11763, 20.29668);
INSERT INTO stops (id, name, lat, lng) VALUES (5, 'Bergö', 60.1626921, 20.3927480);

INSERT INTO stops (id, name, lat, lng) VALUES (6, 'Galtby', 60.1854808, 21.5858297);
INSERT INTO stops (id, name, lat, lng) VALUES (7, 'Kökar', 59.9455971, 20.8917824);
INSERT INTO stops (id, name, lat, lng) VALUES (8, 'Kyrkogårdsö', 60.0313030, 20.8251714);
INSERT INTO stops (id, name, lat, lng) VALUES (9, 'Husö', 60.0647341, 20.8073747);

INSERT INTO stops (id, name, lat, lng) VALUES (10, 'Degerby', 60.0317802, 20.3858259);
INSERT INTO stops (id, name, lat, lng) VALUES (11, 'Svinö', 60.0665811, 20.2675505);

INSERT INTO stops (id, name, lat, lng) VALUES (12, 'Hummelvik', 60.2242177, 20.4136621);
INSERT INTO stops (id, name, lat, lng) VALUES (13, 'Enklinge', 60.3183138, 20.7513513);
INSERT INTO stops (id, name, lat, lng) VALUES (14, 'Kumlinge', 60.2904026, 20.7901287);
INSERT INTO stops (id, name, lat, lng) VALUES (15, 'Lappo', 60.3174626, 20.9959478);
INSERT INTO stops (id, name, lat, lng) VALUES (16, 'Torsholma', 60.3568842, 21.0388434);

-- Södra linjen single segments
INSERT INTO line_segments (id, from_stop, to_stop, line, geometry) VALUES (1, 6, 7, 2,'{"type":"MultiLineString","coordinates":[[[20.8917824,59.9455971,0],[20.890304,59.9458556,0],[20.8904756,59.946221,0],[20.8924225,59.9465493,0],[20.8940318,59.9471027,0],[20.8953407,59.9476287,0],[20.8956583,59.9484142,0],[20.8948687,59.9493722,0],[20.8921864,59.9520702,0],[20.889942,59.9544151,0],[20.8889893,59.9558783,0],[20.8884099,59.9580634,0],[20.8881814,59.9612704,0],[20.8884528,59.9628746,0],[20.889633,59.9636839,0],[20.8915331,59.9641436,0],[20.901748,59.9645738,0],[20.9151901,59.9650936,0],[20.9269211,59.9653546,0],[20.9399633,59.9655577,0],[20.9485504,59.965891,0],[20.9570476,59.9664576,0],[20.9621996,59.966747,0],[20.9646136,59.9670654,0],[20.9678408,59.9676819,0],[20.9744198,59.9687579,0],[20.9769003,59.9690774,0],[20.9798596,59.9691349,0],[20.9916631,59.9687654,0],[20.9975704,59.9687198,0],[21.001377,59.9689652,0],[21.0167772,59.9704724,0],[21.0300305,59.9716766,0],[21.037883,59.9723499,0],[21.0443525,59.9724729,0],[21.0515333,59.9724299,0],[21.053516,59.9727826,0],[21.0546149,59.9733263,0],[21.0638607,59.9806079,0],[21.0683464,59.983613,0],[21.0712895,59.9852532,0],[21.0771815,59.9880561,0],[21.1244003,60.0290056,0],[21.1278614,60.0311162,0],[21.206846,60.0715985,0],[21.2203558,60.0781262,0],[21.2325513,60.0840671,0],[21.248917,60.0920378,0],[21.2640779,60.0992513,0],[21.2721632,60.1032297,0],[21.2826753,60.1083063,0],[21.2904913,60.1121275,0],[21.2993522,60.1161867,0],[21.3081992,60.1202512,0],[21.3181019,60.1246011,0],[21.3270884,60.1284578,0],[21.3397699,60.1339505,0],[21.3541691,60.1400914,0],[21.3708417,60.147187,0],[21.3813194,60.1516114,0],[21.3886708,60.1548936,0],[21.3979202,60.1586559,0],[21.4116445,60.1643305,0],[21.4210161,60.1683479,0],[21.4354357,60.1742678,0],[21.4408248,60.1763707,0],[21.4453277,60.1775739,0],[21.4580918,60.1796713,0],[21.4660118,60.1810019,0],[21.4702561,60.1817573,0],[21.4746271,60.1827699,0],[21.4810064,60.1851555,0],[21.4892397,60.1882589,0],[21.4937673,60.1898195,0],[21.4979043,60.1906302,0],[21.5104163,60.191347,0],[21.5184844,60.1916745,0],[21.527443,60.1930142,0],[21.5420342,60.1956049,0],[21.5460189,60.196088,0],[21.5485938,60.1956486,0],[21.5540441,60.193779,0],[21.5617602,60.19101,0],[21.5655168,60.1900032,0],[21.5711523,60.189235,0],[21.5789049,60.1883047,0],[21.581512,60.1876711,0],[21.5834108,60.1864102,0],[21.5841271,60.1858236,0],[21.584739,60.1853635,0],[21.5854149,60.1850835,0],[21.5865524,60.1846737,0]]]}');
INSERT INTO line_segments (id, from_stop, to_stop, line, geometry) VALUES (2, 7, 8, 2, '{"type":"MultiLineString","coordinates":[[[20.8250786,60.0312659,0],[20.824599,60.0305605,0],[20.8246414,60.0250325,0],[20.8138402,60.0254631,0],[20.8101373,60.0255895,0],[20.8047645,60.0243457,0],[20.7985139,60.0195368,0],[20.7982403,60.0105233,0],[20.8286244,59.9818526,0],[20.8893901,59.9633281,0],[20.8925478,59.9524114,0],[20.8971004,59.9487205,0],[20.8959632,59.947277,0],[20.8901231,59.9463403,0],[20.8899228,59.9457099,0],[20.8917824,59.9455971,0]]]}');
INSERT INTO line_segments (id, from_stop, to_stop, line, geometry) VALUES (3, 8, 9, 2,'{"type":"MultiLineString","coordinates":[[[20.8073747,60.0647341,0],[20.8078372,60.0634645,0],[20.8071828,60.0625543,0],[20.8017325,60.0611621,0],[20.7828927,60.0585919,0],[20.7815196,60.0542655,0],[20.7885268,60.0486064,0],[20.7910243,60.0369224,0],[20.8011559,60.0251313,0],[20.8041143,60.0253854,0],[20.8098636,60.0262196,0],[20.8235536,60.0255121,0],[20.823618,60.0306361,0],[20.8250786,60.0312659,0]]]}');
INSERT INTO line_segments (id, from_stop, to_stop, line, geometry) VALUES (4, 9, 2, 2, '{"type":"MultiLineString","coordinates":[[[20.6823206,60.1100751,0],[20.6830227,60.1091831,0],[20.6909445,60.1090148,0],[20.7193995,60.1056333,0],[20.7488286,60.0950868,0],[20.7714318,60.069322,0],[20.778635,60.0671655,0],[20.783053,60.0658955,0],[20.7908806,60.0635231,0],[20.796163,60.0619653,0],[20.8001696,60.0618319,0],[20.8036457,60.062453,0],[20.8052336,60.0629242,0],[20.8064352,60.063738,0],[20.8073747,60.0647341,0]]]}');
INSERT INTO line_segments (id, from_stop, to_stop, line, geometry) VALUES (5, 2, 3, 2, '{"type":"MultiLineString","coordinates":[[[20.5106347,60.1115177,0],[20.5102712,60.1118169,0],[20.5101691,60.1120733,0],[20.5100763,60.1123846,0],[20.5100538,60.1128522,0],[20.5104556,60.1135236,0],[20.5113722,60.1140957,0],[20.5218415,60.1157247,0],[20.535048,60.116259,0],[20.58542,60.1260053,0],[20.6717787,60.0967685,0],[20.6902252,60.0965176,0],[20.699041,60.0995944,0],[20.7008435,60.1005784,0],[20.7029034,60.1031026,0],[20.7031609,60.1047283,0],[20.7021309,60.1061828,0],[20.6976678,60.1072522,0],[20.6907771,60.1085079,0],[20.6827497,60.1088443,0],[20.6823206,60.1100751,0]]]}');
INSERT INTO line_segments (id, from_stop, to_stop, line, geometry) VALUES (6, 3, 4, 2, '{"type":"MultiLineString","coordinates":[[[20.2965061,60.1176075,0],[20.296268,60.1185314,0],[20.2967012,60.1191926,0],[20.2975448,60.1193522,0],[20.2984569,60.1191242,0],[20.3027264,60.1178248,0],[20.3089491,60.1160672,0],[20.3140647,60.1146602,0],[20.3195578,60.1138904,0],[20.3231026,60.1136252,0],[20.3334624,60.1134627,0],[20.3437621,60.1136338,0],[20.3537184,60.1144036,0],[20.3634431,60.1153359,0],[20.3692795,60.1152504,0],[20.3779227,60.1143181,0],[20.3859307,60.1127699,0],[20.3947455,60.1109821,0],[20.4105383,60.1069613,0],[20.4224946,60.1039583,0],[20.4310776,60.1026748,0],[20.4372574,60.1021614,0],[20.4502996,60.1015393,0],[20.4552212,60.1019623,0],[20.4583371,60.1026344,0],[20.4614237,60.103714,0],[20.4815414,60.1139846,0],[20.501759,60.1157535,0],[20.5047204,60.1151862,0],[20.5060937,60.1144806,0],[20.5092073,60.1118327,0],[20.5096666,60.1114869,0],[20.5106347,60.1115177,0]]]}');

INSERT INTO line_segments (id, from_stop, to_stop, line, geometry) VALUES (7, 4, 3, 2, '{"type":"MultiLineString","coordinates":[[[20.2965061,60.1176075,0],[20.296268,60.1185314,0],[20.2967012,60.1191926,0],[20.2975448,60.1193522,0],[20.2984569,60.1191242,0],[20.3027264,60.1178248,0],[20.3089491,60.1160672,0],[20.3140647,60.1146602,0],[20.3195578,60.1138904,0],[20.3231026,60.1136252,0],[20.3334624,60.1134627,0],[20.3437621,60.1136338,0],[20.3537184,60.1144036,0],[20.3634431,60.1153359,0],[20.3692795,60.1152504,0],[20.3779227,60.1143181,0],[20.3859307,60.1127699,0],[20.3947455,60.1109821,0],[20.4105383,60.1069613,0],[20.4224946,60.1039583,0],[20.4310776,60.1026748,0],[20.4372574,60.1021614,0],[20.4502996,60.1015393,0],[20.4552212,60.1019623,0],[20.4583371,60.1026344,0],[20.4614237,60.103714,0],[20.4815414,60.1139846,0],[20.501759,60.1157535,0],[20.5047204,60.1151862,0],[20.5060937,60.1144806,0],[20.5092073,60.1118327,0],[20.5096666,60.1114869,0],[20.5106347,60.1115177,0]]]}');
INSERT INTO line_segments (id, from_stop, to_stop, line, geometry) VALUES (8, 3, 2, 2, '{"type":"MultiLineString","coordinates":[[[20.5106347,60.1115177,0],[20.5102712,60.1118169,0],[20.5101691,60.1120733,0],[20.5100763,60.1123846,0],[20.5100538,60.1128522,0],[20.5104556,60.1135236,0],[20.5113722,60.1140957,0],[20.5218415,60.1157247,0],[20.535048,60.116259,0],[20.58542,60.1260053,0],[20.6717787,60.0967685,0],[20.6902252,60.0965176,0],[20.699041,60.0995944,0],[20.7008435,60.1005784,0],[20.7029034,60.1031026,0],[20.7031609,60.1047283,0],[20.7021309,60.1061828,0],[20.6976678,60.1072522,0],[20.6907771,60.1085079,0],[20.6827497,60.1088443,0],[20.6823206,60.1100751,0]]]}');
INSERT INTO line_segments (id, from_stop, to_stop, line, geometry) VALUES (9, 2, 9, 2, '{"type":"MultiLineString","coordinates":[[[20.6823206,60.1100751,0],[20.6830227,60.1091831,0],[20.6909445,60.1090148,0],[20.7193995,60.1056333,0],[20.7488286,60.0950868,0],[20.7714318,60.069322,0],[20.778635,60.0671655,0],[20.783053,60.0658955,0],[20.7908806,60.0635231,0],[20.796163,60.0619653,0],[20.8001696,60.0618319,0],[20.8036457,60.062453,0],[20.8052336,60.0629242,0],[20.8064352,60.063738,0],[20.8073747,60.0647341,0]]]}');
INSERT INTO line_segments (id, from_stop, to_stop, line, geometry) VALUES (10, 9, 8, 2,'{"type":"MultiLineString","coordinates":[[[20.8073747,60.0647341,0],[20.8078372,60.0634645,0],[20.8071828,60.0625543,0],[20.8017325,60.0611621,0],[20.7828927,60.0585919,0],[20.7815196,60.0542655,0],[20.7885268,60.0486064,0],[20.7910243,60.0369224,0],[20.8011559,60.0251313,0],[20.8041143,60.0253854,0],[20.8098636,60.0262196,0],[20.8235536,60.0255121,0],[20.823618,60.0306361,0],[20.8250786,60.0312659,0]]]}');
INSERT INTO line_segments (id, from_stop, to_stop, line, geometry) VALUES (11, 8, 7, 2, '{"type":"MultiLineString","coordinates":[[[20.8250786,60.0312659,0],[20.824599,60.0305605,0],[20.8246414,60.0250325,0],[20.8138402,60.0254631,0],[20.8101373,60.0255895,0],[20.8047645,60.0243457,0],[20.7985139,60.0195368,0],[20.7982403,60.0105233,0],[20.8286244,59.9818526,0],[20.8893901,59.9633281,0],[20.8925478,59.9524114,0],[20.8971004,59.9487205,0],[20.8959632,59.947277,0],[20.8901231,59.9463403,0],[20.8899228,59.9457099,0],[20.8917824,59.9455971,0]]]}');
INSERT INTO line_segments (id, from_stop, to_stop, line, geometry) VALUES (12, 7, 6, 2, '{"type":"MultiLineString","coordinates":[[[20.8917824,59.9455971,0],[20.890304,59.9458556,0],[20.8904756,59.946221,0],[20.8924225,59.9465493,0],[20.8940318,59.9471027,0],[20.8953407,59.9476287,0],[20.8956583,59.9484142,0],[20.8948687,59.9493722,0],[20.8921864,59.9520702,0],[20.889942,59.9544151,0],[20.8889893,59.9558783,0],[20.8884099,59.9580634,0],[20.8881814,59.9612704,0],[20.8884528,59.9628746,0],[20.889633,59.9636839,0],[20.8915331,59.9641436,0],[20.901748,59.9645738,0],[20.9151901,59.9650936,0],[20.9269211,59.9653546,0],[20.9399633,59.9655577,0],[20.9485504,59.965891,0],[20.9570476,59.9664576,0],[20.9621996,59.966747,0],[20.9646136,59.9670654,0],[20.9678408,59.9676819,0],[20.9744198,59.9687579,0],[20.9769003,59.9690774,0],[20.9798596,59.9691349,0],[20.9916631,59.9687654,0],[20.9975704,59.9687198,0],[21.001377,59.9689652,0],[21.0167772,59.9704724,0],[21.0300305,59.9716766,0],[21.037883,59.9723499,0],[21.0443525,59.9724729,0],[21.0515333,59.9724299,0],[21.053516,59.9727826,0],[21.0546149,59.9733263,0],[21.0638607,59.9806079,0],[21.0683464,59.983613,0],[21.0712895,59.9852532,0],[21.0771815,59.9880561,0],[21.1244003,60.0290056,0],[21.1278614,60.0311162,0],[21.206846,60.0715985,0],[21.2203558,60.0781262,0],[21.2325513,60.0840671,0],[21.248917,60.0920378,0],[21.2640779,60.0992513,0],[21.2721632,60.1032297,0],[21.2826753,60.1083063,0],[21.2904913,60.1121275,0],[21.2993522,60.1161867,0],[21.3081992,60.1202512,0],[21.3181019,60.1246011,0],[21.3270884,60.1284578,0],[21.3397699,60.1339505,0],[21.3541691,60.1400914,0],[21.3708417,60.147187,0],[21.3813194,60.1516114,0],[21.3886708,60.1548936,0],[21.3979202,60.1586559,0],[21.4116445,60.1643305,0],[21.4210161,60.1683479,0],[21.4354357,60.1742678,0],[21.4408248,60.1763707,0],[21.4453277,60.1775739,0],[21.4580918,60.1796713,0],[21.4660118,60.1810019,0],[21.4702561,60.1817573,0],[21.4746271,60.1827699,0],[21.4810064,60.1851555,0],[21.4892397,60.1882589,0],[21.4937673,60.1898195,0],[21.4979043,60.1906302,0],[21.5104163,60.191347,0],[21.5184844,60.1916745,0],[21.527443,60.1930142,0],[21.5420342,60.1956049,0],[21.5460189,60.196088,0],[21.5485938,60.1956486,0],[21.5540441,60.193779,0],[21.5617602,60.19101,0],[21.5655168,60.1900032,0],[21.5711523,60.189235,0],[21.5789049,60.1883047,0],[21.581512,60.1876711,0],[21.5834108,60.1864102,0],[21.5841271,60.1858236,0],[21.584739,60.1853635,0],[21.5854149,60.1850835,0],[21.5865524,60.1846737,0]]]}');

-- from Långnäs
INSERT INTO line_segments (id, from_stop, to_stop, line, geometry) VALUES (13, 4, 2, 2, '{"type":"GeometryCollection","geometries":[{"type":"MultiLineString","coordinates":[[[20.2965061,60.1176075,0],[20.296268,60.1185314,0],[20.2967012,60.1191926,0],[20.2975448,60.1193522,0],[20.2984569,60.1191242,0],[20.3027264,60.1178248,0],[20.3089491,60.1160672,0],[20.3140647,60.1146602,0],[20.3195578,60.1138904,0],[20.3231026,60.1136252,0],[20.3334624,60.1134627,0],[20.3437621,60.1136338,0],[20.3537184,60.1144036,0],[20.3634431,60.1153359,0],[20.3692795,60.1152504,0],[20.3779227,60.1143181,0],[20.3859307,60.1127699,0],[20.3947455,60.1109821,0],[20.4105383,60.1069613,0],[20.4224946,60.1039583,0],[20.4310776,60.1026748,0],[20.4372574,60.1021614,0],[20.4502996,60.1015393,0],[20.4552212,60.1019623,0],[20.4583371,60.1026344,0],[20.4614237,60.103714,0],[20.4815414,60.1139846,0],[20.501759,60.1157535,0],[20.5047204,60.1151862,0],[20.5060937,60.1144806,0],[20.5092073,60.1118327,0],[20.5096666,60.1114869,0],[20.5106347,60.1115177,0]]]},{"type":"MultiLineString","coordinates":[[[20.5106347,60.1115177,0],[20.5102712,60.1118169,0],[20.5101691,60.1120733,0],[20.5100763,60.1123846,0],[20.5100538,60.1128522,0],[20.5104556,60.1135236,0],[20.5113722,60.1140957,0],[20.5218415,60.1157247,0],[20.535048,60.116259,0],[20.58542,60.1260053,0],[20.6717787,60.0967685,0],[20.6902252,60.0965176,0],[20.699041,60.0995944,0],[20.7008435,60.1005784,0],[20.7029034,60.1031026,0],[20.7031609,60.1047283,0],[20.7021309,60.1061828,0],[20.6976678,60.1072522,0],[20.6907771,60.1085079,0],[20.6827497,60.1088443,0],[20.6823206,60.1100751,0]]]}]}');
INSERT INTO line_segments (id, from_stop, to_stop, line, geometry) VALUES (14, 4, 9, 2, '{"type":"GeometryCollection","geometries":[{"type":"MultiLineString","coordinates":[[[20.2965061,60.1176075,0],[20.296268,60.1185314,0],[20.2967012,60.1191926,0],[20.2975448,60.1193522,0],[20.2984569,60.1191242,0],[20.3027264,60.1178248,0],[20.3089491,60.1160672,0],[20.3140647,60.1146602,0],[20.3195578,60.1138904,0],[20.3231026,60.1136252,0],[20.3334624,60.1134627,0],[20.3437621,60.1136338,0],[20.3537184,60.1144036,0],[20.3634431,60.1153359,0],[20.3692795,60.1152504,0],[20.3779227,60.1143181,0],[20.3859307,60.1127699,0],[20.3947455,60.1109821,0],[20.4105383,60.1069613,0],[20.4224946,60.1039583,0],[20.4310776,60.1026748,0],[20.4372574,60.1021614,0],[20.4502996,60.1015393,0],[20.4552212,60.1019623,0],[20.4583371,60.1026344,0],[20.4614237,60.103714,0],[20.4815414,60.1139846,0],[20.501759,60.1157535,0],[20.5047204,60.1151862,0],[20.5060937,60.1144806,0],[20.5092073,60.1118327,0],[20.5096666,60.1114869,0],[20.5106347,60.1115177,0]]]},{"type":"MultiLineString","coordinates":[[[20.5106347,60.1115177,0],[20.5102712,60.1118169,0],[20.5101691,60.1120733,0],[20.5100763,60.1123846,0],[20.5100538,60.1128522,0],[20.5104556,60.1135236,0],[20.5113722,60.1140957,0],[20.5218415,60.1157247,0],[20.535048,60.116259,0],[20.58542,60.1260053,0],[20.6717787,60.0967685,0],[20.6902252,60.0965176,0],[20.699041,60.0995944,0],[20.7008435,60.1005784,0],[20.7029034,60.1031026,0],[20.7031609,60.1047283,0],[20.7021309,60.1061828,0],[20.6976678,60.1072522,0],[20.6907771,60.1085079,0],[20.6827497,60.1088443,0],[20.6823206,60.1100751,0]]]},{"type":"MultiLineString","coordinates":[[[20.6823206,60.1100751,0],[20.6830227,60.1091831,0],[20.6909445,60.1090148,0],[20.7193995,60.1056333,0],[20.7488286,60.0950868,0],[20.7714318,60.069322,0],[20.778635,60.0671655,0],[20.783053,60.0658955,0],[20.7908806,60.0635231,0],[20.796163,60.0619653,0],[20.8001696,60.0618319,0],[20.8036457,60.062453,0],[20.8052336,60.0629242,0],[20.8064352,60.063738,0],[20.8073747,60.0647341,0]]]}]}');
INSERT INTO line_segments (id, from_stop, to_stop, line, geometry) VALUES (15, 4, 8, 2, '{"type":"GeometryCollection","geometries":[{"type":"MultiLineString","coordinates":[[[20.8073747,60.0647341,0],[20.8078372,60.0634645,0],[20.8071828,60.0625543,0],[20.8017325,60.0611621,0],[20.7828927,60.0585919,0],[20.7815196,60.0542655,0],[20.7885268,60.0486064,0],[20.7910243,60.0369224,0],[20.8011559,60.0251313,0],[20.8041143,60.0253854,0],[20.8098636,60.0262196,0],[20.8235536,60.0255121,0],[20.823618,60.0306361,0],[20.8250786,60.0312659,0]]]},{"type":"MultiLineString","coordinates":[[[20.2965061,60.1176075,0],[20.296268,60.1185314,0],[20.2967012,60.1191926,0],[20.2975448,60.1193522,0],[20.2984569,60.1191242,0],[20.3027264,60.1178248,0],[20.3089491,60.1160672,0],[20.3140647,60.1146602,0],[20.3195578,60.1138904,0],[20.3231026,60.1136252,0],[20.3334624,60.1134627,0],[20.3437621,60.1136338,0],[20.3537184,60.1144036,0],[20.3634431,60.1153359,0],[20.3692795,60.1152504,0],[20.3779227,60.1143181,0],[20.3859307,60.1127699,0],[20.3947455,60.1109821,0],[20.4105383,60.1069613,0],[20.4224946,60.1039583,0],[20.4310776,60.1026748,0],[20.4372574,60.1021614,0],[20.4502996,60.1015393,0],[20.4552212,60.1019623,0],[20.4583371,60.1026344,0],[20.4614237,60.103714,0],[20.4815414,60.1139846,0],[20.501759,60.1157535,0],[20.5047204,60.1151862,0],[20.5060937,60.1144806,0],[20.5092073,60.1118327,0],[20.5096666,60.1114869,0],[20.5106347,60.1115177,0]]]},{"type":"MultiLineString","coordinates":[[[20.5106347,60.1115177,0],[20.5102712,60.1118169,0],[20.5101691,60.1120733,0],[20.5100763,60.1123846,0],[20.5100538,60.1128522,0],[20.5104556,60.1135236,0],[20.5113722,60.1140957,0],[20.5218415,60.1157247,0],[20.535048,60.116259,0],[20.58542,60.1260053,0],[20.6717787,60.0967685,0],[20.6902252,60.0965176,0],[20.699041,60.0995944,0],[20.7008435,60.1005784,0],[20.7029034,60.1031026,0],[20.7031609,60.1047283,0],[20.7021309,60.1061828,0],[20.6976678,60.1072522,0],[20.6907771,60.1085079,0],[20.6827497,60.1088443,0],[20.6823206,60.1100751,0]]]},{"type":"MultiLineString","coordinates":[[[20.6823206,60.1100751,0],[20.6830227,60.1091831,0],[20.6909445,60.1090148,0],[20.7193995,60.1056333,0],[20.7488286,60.0950868,0],[20.7714318,60.069322,0],[20.778635,60.0671655,0],[20.783053,60.0658955,0],[20.7908806,60.0635231,0],[20.796163,60.0619653,0],[20.8001696,60.0618319,0],[20.8036457,60.062453,0],[20.8052336,60.0629242,0],[20.8064352,60.063738,0],[20.8073747,60.0647341,0]]]}]}');
INSERT INTO line_segments (id, from_stop, to_stop, line, geometry) VALUES (16, 4, 7, 2, '{"type":"GeometryCollection","geometries":[{"type":"MultiLineString","coordinates":[[[20.8073747,60.0647341,0],[20.8078372,60.0634645,0],[20.8071828,60.0625543,0],[20.8017325,60.0611621,0],[20.7828927,60.0585919,0],[20.7815196,60.0542655,0],[20.7885268,60.0486064,0],[20.7910243,60.0369224,0],[20.8011559,60.0251313,0],[20.8041143,60.0253854,0],[20.8098636,60.0262196,0],[20.8235536,60.0255121,0],[20.823618,60.0306361,0],[20.8250786,60.0312659,0]]]},{"type":"MultiLineString","coordinates":[[[20.2965061,60.1176075,0],[20.296268,60.1185314,0],[20.2967012,60.1191926,0],[20.2975448,60.1193522,0],[20.2984569,60.1191242,0],[20.3027264,60.1178248,0],[20.3089491,60.1160672,0],[20.3140647,60.1146602,0],[20.3195578,60.1138904,0],[20.3231026,60.1136252,0],[20.3334624,60.1134627,0],[20.3437621,60.1136338,0],[20.3537184,60.1144036,0],[20.3634431,60.1153359,0],[20.3692795,60.1152504,0],[20.3779227,60.1143181,0],[20.3859307,60.1127699,0],[20.3947455,60.1109821,0],[20.4105383,60.1069613,0],[20.4224946,60.1039583,0],[20.4310776,60.1026748,0],[20.4372574,60.1021614,0],[20.4502996,60.1015393,0],[20.4552212,60.1019623,0],[20.4583371,60.1026344,0],[20.4614237,60.103714,0],[20.4815414,60.1139846,0],[20.501759,60.1157535,0],[20.5047204,60.1151862,0],[20.5060937,60.1144806,0],[20.5092073,60.1118327,0],[20.5096666,60.1114869,0],[20.5106347,60.1115177,0]]]},{"type":"MultiLineString","coordinates":[[[20.5106347,60.1115177,0],[20.5102712,60.1118169,0],[20.5101691,60.1120733,0],[20.5100763,60.1123846,0],[20.5100538,60.1128522,0],[20.5104556,60.1135236,0],[20.5113722,60.1140957,0],[20.5218415,60.1157247,0],[20.535048,60.116259,0],[20.58542,60.1260053,0],[20.6717787,60.0967685,0],[20.6902252,60.0965176,0],[20.699041,60.0995944,0],[20.7008435,60.1005784,0],[20.7029034,60.1031026,0],[20.7031609,60.1047283,0],[20.7021309,60.1061828,0],[20.6976678,60.1072522,0],[20.6907771,60.1085079,0],[20.6827497,60.1088443,0],[20.6823206,60.1100751,0]]]},{"type":"MultiLineString","coordinates":[[[20.6823206,60.1100751,0],[20.6830227,60.1091831,0],[20.6909445,60.1090148,0],[20.7193995,60.1056333,0],[20.7488286,60.0950868,0],[20.7714318,60.069322,0],[20.778635,60.0671655,0],[20.783053,60.0658955,0],[20.7908806,60.0635231,0],[20.796163,60.0619653,0],[20.8001696,60.0618319,0],[20.8036457,60.062453,0],[20.8052336,60.0629242,0],[20.8064352,60.063738,0],[20.8073747,60.0647341,0]]]},{"type":"MultiLineString","coordinates":[[[20.8250786,60.0312659,0],[20.824599,60.0305605,0],[20.8246414,60.0250325,0],[20.8138402,60.0254631,0],[20.8101373,60.0255895,0],[20.8047645,60.0243457,0],[20.7985139,60.0195368,0],[20.7982403,60.0105233,0],[20.8286244,59.9818526,0],[20.8893901,59.9633281,0],[20.8925478,59.9524114,0],[20.8971004,59.9487205,0],[20.8959632,59.947277,0],[20.8901231,59.9463403,0],[20.8899228,59.9457099,0],[20.8917824,59.9455971,0]]]}]}');
INSERT INTO line_segments (id, from_stop, to_stop, line, geometry) VALUES (17, 4, 6, 2, '{"type":"GeometryCollection","geometries":[{"type":"MultiLineString","coordinates":[[[20.8073747,60.0647341,0],[20.8078372,60.0634645,0],[20.8071828,60.0625543,0],[20.8017325,60.0611621,0],[20.7828927,60.0585919,0],[20.7815196,60.0542655,0],[20.7885268,60.0486064,0],[20.7910243,60.0369224,0],[20.8011559,60.0251313,0],[20.8041143,60.0253854,0],[20.8098636,60.0262196,0],[20.8235536,60.0255121,0],[20.823618,60.0306361,0],[20.8250786,60.0312659,0]]]},{"type":"MultiLineString","coordinates":[[[20.8917824,59.9455971,0],[20.890304,59.9458556,0],[20.8904756,59.946221,0],[20.8924225,59.9465493,0],[20.8940318,59.9471027,0],[20.8953407,59.9476287,0],[20.8956583,59.9484142,0],[20.8948687,59.9493722,0],[20.8921864,59.9520702,0],[20.889942,59.9544151,0],[20.8889893,59.9558783,0],[20.8884099,59.9580634,0],[20.8881814,59.9612704,0],[20.8884528,59.9628746,0],[20.889633,59.9636839,0],[20.8915331,59.9641436,0],[20.901748,59.9645738,0],[20.9151901,59.9650936,0],[20.9269211,59.9653546,0],[20.9399633,59.9655577,0],[20.9485504,59.965891,0],[20.9570476,59.9664576,0],[20.9621996,59.966747,0],[20.9646136,59.9670654,0],[20.9678408,59.9676819,0],[20.9744198,59.9687579,0],[20.9769003,59.9690774,0],[20.9798596,59.9691349,0],[20.9916631,59.9687654,0],[20.9975704,59.9687198,0],[21.001377,59.9689652,0],[21.0167772,59.9704724,0],[21.0300305,59.9716766,0],[21.037883,59.9723499,0],[21.0443525,59.9724729,0],[21.0515333,59.9724299,0],[21.053516,59.9727826,0],[21.0546149,59.9733263,0],[21.0638607,59.9806079,0],[21.0683464,59.983613,0],[21.0712895,59.9852532,0],[21.0771815,59.9880561,0],[21.1244003,60.0290056,0],[21.1278614,60.0311162,0],[21.206846,60.0715985,0],[21.2203558,60.0781262,0],[21.2325513,60.0840671,0],[21.248917,60.0920378,0],[21.2640779,60.0992513,0],[21.2721632,60.1032297,0],[21.2826753,60.1083063,0],[21.2904913,60.1121275,0],[21.2993522,60.1161867,0],[21.3081992,60.1202512,0],[21.3181019,60.1246011,0],[21.3270884,60.1284578,0],[21.3397699,60.1339505,0],[21.3541691,60.1400914,0],[21.3708417,60.147187,0],[21.3813194,60.1516114,0],[21.3886708,60.1548936,0],[21.3979202,60.1586559,0],[21.4116445,60.1643305,0],[21.4210161,60.1683479,0],[21.4354357,60.1742678,0],[21.4408248,60.1763707,0],[21.4453277,60.1775739,0],[21.4580918,60.1796713,0],[21.4660118,60.1810019,0],[21.4702561,60.1817573,0],[21.4746271,60.1827699,0],[21.4810064,60.1851555,0],[21.4892397,60.1882589,0],[21.4937673,60.1898195,0],[21.4979043,60.1906302,0],[21.5104163,60.191347,0],[21.5184844,60.1916745,0],[21.527443,60.1930142,0],[21.5420342,60.1956049,0],[21.5460189,60.196088,0],[21.5485938,60.1956486,0],[21.5540441,60.193779,0],[21.5617602,60.19101,0],[21.5655168,60.1900032,0],[21.5711523,60.189235,0],[21.5789049,60.1883047,0],[21.581512,60.1876711,0],[21.5834108,60.1864102,0],[21.5841271,60.1858236,0],[21.584739,60.1853635,0],[21.5854149,60.1850835,0],[21.5865524,60.1846737,0]]]},{"type":"MultiLineString","coordinates":[[[20.2965061,60.1176075,0],[20.296268,60.1185314,0],[20.2967012,60.1191926,0],[20.2975448,60.1193522,0],[20.2984569,60.1191242,0],[20.3027264,60.1178248,0],[20.3089491,60.1160672,0],[20.3140647,60.1146602,0],[20.3195578,60.1138904,0],[20.3231026,60.1136252,0],[20.3334624,60.1134627,0],[20.3437621,60.1136338,0],[20.3537184,60.1144036,0],[20.3634431,60.1153359,0],[20.3692795,60.1152504,0],[20.3779227,60.1143181,0],[20.3859307,60.1127699,0],[20.3947455,60.1109821,0],[20.4105383,60.1069613,0],[20.4224946,60.1039583,0],[20.4310776,60.1026748,0],[20.4372574,60.1021614,0],[20.4502996,60.1015393,0],[20.4552212,60.1019623,0],[20.4583371,60.1026344,0],[20.4614237,60.103714,0],[20.4815414,60.1139846,0],[20.501759,60.1157535,0],[20.5047204,60.1151862,0],[20.5060937,60.1144806,0],[20.5092073,60.1118327,0],[20.5096666,60.1114869,0],[20.5106347,60.1115177,0]]]},{"type":"MultiLineString","coordinates":[[[20.5106347,60.1115177,0],[20.5102712,60.1118169,0],[20.5101691,60.1120733,0],[20.5100763,60.1123846,0],[20.5100538,60.1128522,0],[20.5104556,60.1135236,0],[20.5113722,60.1140957,0],[20.5218415,60.1157247,0],[20.535048,60.116259,0],[20.58542,60.1260053,0],[20.6717787,60.0967685,0],[20.6902252,60.0965176,0],[20.699041,60.0995944,0],[20.7008435,60.1005784,0],[20.7029034,60.1031026,0],[20.7031609,60.1047283,0],[20.7021309,60.1061828,0],[20.6976678,60.1072522,0],[20.6907771,60.1085079,0],[20.6827497,60.1088443,0],[20.6823206,60.1100751,0]]]},{"type":"MultiLineString","coordinates":[[[20.6823206,60.1100751,0],[20.6830227,60.1091831,0],[20.6909445,60.1090148,0],[20.7193995,60.1056333,0],[20.7488286,60.0950868,0],[20.7714318,60.069322,0],[20.778635,60.0671655,0],[20.783053,60.0658955,0],[20.7908806,60.0635231,0],[20.796163,60.0619653,0],[20.8001696,60.0618319,0],[20.8036457,60.062453,0],[20.8052336,60.0629242,0],[20.8064352,60.063738,0],[20.8073747,60.0647341,0]]]},{"type":"MultiLineString","coordinates":[[[20.8250786,60.0312659,0],[20.824599,60.0305605,0],[20.8246414,60.0250325,0],[20.8138402,60.0254631,0],[20.8101373,60.0255895,0],[20.8047645,60.0243457,0],[20.7985139,60.0195368,0],[20.7982403,60.0105233,0],[20.8286244,59.9818526,0],[20.8893901,59.9633281,0],[20.8925478,59.9524114,0],[20.8971004,59.9487205,0],[20.8959632,59.947277,0],[20.8901231,59.9463403,0],[20.8899228,59.9457099,0],[20.8917824,59.9455971,0]]]}]}');

-- to Långnäs
INSERT INTO line_segments (id, from_stop, to_stop, line, geometry) VALUES (18, 2, 4, 2, '{"type":"GeometryCollection","geometries":[{"type":"MultiLineString","coordinates":[[[20.2965061,60.1176075,0],[20.296268,60.1185314,0],[20.2967012,60.1191926,0],[20.2975448,60.1193522,0],[20.2984569,60.1191242,0],[20.3027264,60.1178248,0],[20.3089491,60.1160672,0],[20.3140647,60.1146602,0],[20.3195578,60.1138904,0],[20.3231026,60.1136252,0],[20.3334624,60.1134627,0],[20.3437621,60.1136338,0],[20.3537184,60.1144036,0],[20.3634431,60.1153359,0],[20.3692795,60.1152504,0],[20.3779227,60.1143181,0],[20.3859307,60.1127699,0],[20.3947455,60.1109821,0],[20.4105383,60.1069613,0],[20.4224946,60.1039583,0],[20.4310776,60.1026748,0],[20.4372574,60.1021614,0],[20.4502996,60.1015393,0],[20.4552212,60.1019623,0],[20.4583371,60.1026344,0],[20.4614237,60.103714,0],[20.4815414,60.1139846,0],[20.501759,60.1157535,0],[20.5047204,60.1151862,0],[20.5060937,60.1144806,0],[20.5092073,60.1118327,0],[20.5096666,60.1114869,0],[20.5106347,60.1115177,0]]]},{"type":"MultiLineString","coordinates":[[[20.5106347,60.1115177,0],[20.5102712,60.1118169,0],[20.5101691,60.1120733,0],[20.5100763,60.1123846,0],[20.5100538,60.1128522,0],[20.5104556,60.1135236,0],[20.5113722,60.1140957,0],[20.5218415,60.1157247,0],[20.535048,60.116259,0],[20.58542,60.1260053,0],[20.6717787,60.0967685,0],[20.6902252,60.0965176,0],[20.699041,60.0995944,0],[20.7008435,60.1005784,0],[20.7029034,60.1031026,0],[20.7031609,60.1047283,0],[20.7021309,60.1061828,0],[20.6976678,60.1072522,0],[20.6907771,60.1085079,0],[20.6827497,60.1088443,0],[20.6823206,60.1100751,0]]]}]}');
INSERT INTO line_segments (id, from_stop, to_stop, line, geometry) VALUES (19, 9, 4, 2, '{"type":"GeometryCollection","geometries":[{"type":"MultiLineString","coordinates":[[[20.2965061,60.1176075,0],[20.296268,60.1185314,0],[20.2967012,60.1191926,0],[20.2975448,60.1193522,0],[20.2984569,60.1191242,0],[20.3027264,60.1178248,0],[20.3089491,60.1160672,0],[20.3140647,60.1146602,0],[20.3195578,60.1138904,0],[20.3231026,60.1136252,0],[20.3334624,60.1134627,0],[20.3437621,60.1136338,0],[20.3537184,60.1144036,0],[20.3634431,60.1153359,0],[20.3692795,60.1152504,0],[20.3779227,60.1143181,0],[20.3859307,60.1127699,0],[20.3947455,60.1109821,0],[20.4105383,60.1069613,0],[20.4224946,60.1039583,0],[20.4310776,60.1026748,0],[20.4372574,60.1021614,0],[20.4502996,60.1015393,0],[20.4552212,60.1019623,0],[20.4583371,60.1026344,0],[20.4614237,60.103714,0],[20.4815414,60.1139846,0],[20.501759,60.1157535,0],[20.5047204,60.1151862,0],[20.5060937,60.1144806,0],[20.5092073,60.1118327,0],[20.5096666,60.1114869,0],[20.5106347,60.1115177,0]]]},{"type":"MultiLineString","coordinates":[[[20.5106347,60.1115177,0],[20.5102712,60.1118169,0],[20.5101691,60.1120733,0],[20.5100763,60.1123846,0],[20.5100538,60.1128522,0],[20.5104556,60.1135236,0],[20.5113722,60.1140957,0],[20.5218415,60.1157247,0],[20.535048,60.116259,0],[20.58542,60.1260053,0],[20.6717787,60.0967685,0],[20.6902252,60.0965176,0],[20.699041,60.0995944,0],[20.7008435,60.1005784,0],[20.7029034,60.1031026,0],[20.7031609,60.1047283,0],[20.7021309,60.1061828,0],[20.6976678,60.1072522,0],[20.6907771,60.1085079,0],[20.6827497,60.1088443,0],[20.6823206,60.1100751,0]]]},{"type":"MultiLineString","coordinates":[[[20.6823206,60.1100751,0],[20.6830227,60.1091831,0],[20.6909445,60.1090148,0],[20.7193995,60.1056333,0],[20.7488286,60.0950868,0],[20.7714318,60.069322,0],[20.778635,60.0671655,0],[20.783053,60.0658955,0],[20.7908806,60.0635231,0],[20.796163,60.0619653,0],[20.8001696,60.0618319,0],[20.8036457,60.062453,0],[20.8052336,60.0629242,0],[20.8064352,60.063738,0],[20.8073747,60.0647341,0]]]}]}');
INSERT INTO line_segments (id, from_stop, to_stop, line, geometry) VALUES (20, 8, 4, 2, '{"type":"GeometryCollection","geometries":[{"type":"MultiLineString","coordinates":[[[20.8073747,60.0647341,0],[20.8078372,60.0634645,0],[20.8071828,60.0625543,0],[20.8017325,60.0611621,0],[20.7828927,60.0585919,0],[20.7815196,60.0542655,0],[20.7885268,60.0486064,0],[20.7910243,60.0369224,0],[20.8011559,60.0251313,0],[20.8041143,60.0253854,0],[20.8098636,60.0262196,0],[20.8235536,60.0255121,0],[20.823618,60.0306361,0],[20.8250786,60.0312659,0]]]},{"type":"MultiLineString","coordinates":[[[20.2965061,60.1176075,0],[20.296268,60.1185314,0],[20.2967012,60.1191926,0],[20.2975448,60.1193522,0],[20.2984569,60.1191242,0],[20.3027264,60.1178248,0],[20.3089491,60.1160672,0],[20.3140647,60.1146602,0],[20.3195578,60.1138904,0],[20.3231026,60.1136252,0],[20.3334624,60.1134627,0],[20.3437621,60.1136338,0],[20.3537184,60.1144036,0],[20.3634431,60.1153359,0],[20.3692795,60.1152504,0],[20.3779227,60.1143181,0],[20.3859307,60.1127699,0],[20.3947455,60.1109821,0],[20.4105383,60.1069613,0],[20.4224946,60.1039583,0],[20.4310776,60.1026748,0],[20.4372574,60.1021614,0],[20.4502996,60.1015393,0],[20.4552212,60.1019623,0],[20.4583371,60.1026344,0],[20.4614237,60.103714,0],[20.4815414,60.1139846,0],[20.501759,60.1157535,0],[20.5047204,60.1151862,0],[20.5060937,60.1144806,0],[20.5092073,60.1118327,0],[20.5096666,60.1114869,0],[20.5106347,60.1115177,0]]]},{"type":"MultiLineString","coordinates":[[[20.5106347,60.1115177,0],[20.5102712,60.1118169,0],[20.5101691,60.1120733,0],[20.5100763,60.1123846,0],[20.5100538,60.1128522,0],[20.5104556,60.1135236,0],[20.5113722,60.1140957,0],[20.5218415,60.1157247,0],[20.535048,60.116259,0],[20.58542,60.1260053,0],[20.6717787,60.0967685,0],[20.6902252,60.0965176,0],[20.699041,60.0995944,0],[20.7008435,60.1005784,0],[20.7029034,60.1031026,0],[20.7031609,60.1047283,0],[20.7021309,60.1061828,0],[20.6976678,60.1072522,0],[20.6907771,60.1085079,0],[20.6827497,60.1088443,0],[20.6823206,60.1100751,0]]]},{"type":"MultiLineString","coordinates":[[[20.6823206,60.1100751,0],[20.6830227,60.1091831,0],[20.6909445,60.1090148,0],[20.7193995,60.1056333,0],[20.7488286,60.0950868,0],[20.7714318,60.069322,0],[20.778635,60.0671655,0],[20.783053,60.0658955,0],[20.7908806,60.0635231,0],[20.796163,60.0619653,0],[20.8001696,60.0618319,0],[20.8036457,60.062453,0],[20.8052336,60.0629242,0],[20.8064352,60.063738,0],[20.8073747,60.0647341,0]]]}]}');
INSERT INTO line_segments (id, from_stop, to_stop, line, geometry) VALUES (21, 7, 4, 2, '{"type":"GeometryCollection","geometries":[{"type":"MultiLineString","coordinates":[[[20.8073747,60.0647341,0],[20.8078372,60.0634645,0],[20.8071828,60.0625543,0],[20.8017325,60.0611621,0],[20.7828927,60.0585919,0],[20.7815196,60.0542655,0],[20.7885268,60.0486064,0],[20.7910243,60.0369224,0],[20.8011559,60.0251313,0],[20.8041143,60.0253854,0],[20.8098636,60.0262196,0],[20.8235536,60.0255121,0],[20.823618,60.0306361,0],[20.8250786,60.0312659,0]]]},{"type":"MultiLineString","coordinates":[[[20.2965061,60.1176075,0],[20.296268,60.1185314,0],[20.2967012,60.1191926,0],[20.2975448,60.1193522,0],[20.2984569,60.1191242,0],[20.3027264,60.1178248,0],[20.3089491,60.1160672,0],[20.3140647,60.1146602,0],[20.3195578,60.1138904,0],[20.3231026,60.1136252,0],[20.3334624,60.1134627,0],[20.3437621,60.1136338,0],[20.3537184,60.1144036,0],[20.3634431,60.1153359,0],[20.3692795,60.1152504,0],[20.3779227,60.1143181,0],[20.3859307,60.1127699,0],[20.3947455,60.1109821,0],[20.4105383,60.1069613,0],[20.4224946,60.1039583,0],[20.4310776,60.1026748,0],[20.4372574,60.1021614,0],[20.4502996,60.1015393,0],[20.4552212,60.1019623,0],[20.4583371,60.1026344,0],[20.4614237,60.103714,0],[20.4815414,60.1139846,0],[20.501759,60.1157535,0],[20.5047204,60.1151862,0],[20.5060937,60.1144806,0],[20.5092073,60.1118327,0],[20.5096666,60.1114869,0],[20.5106347,60.1115177,0]]]},{"type":"MultiLineString","coordinates":[[[20.5106347,60.1115177,0],[20.5102712,60.1118169,0],[20.5101691,60.1120733,0],[20.5100763,60.1123846,0],[20.5100538,60.1128522,0],[20.5104556,60.1135236,0],[20.5113722,60.1140957,0],[20.5218415,60.1157247,0],[20.535048,60.116259,0],[20.58542,60.1260053,0],[20.6717787,60.0967685,0],[20.6902252,60.0965176,0],[20.699041,60.0995944,0],[20.7008435,60.1005784,0],[20.7029034,60.1031026,0],[20.7031609,60.1047283,0],[20.7021309,60.1061828,0],[20.6976678,60.1072522,0],[20.6907771,60.1085079,0],[20.6827497,60.1088443,0],[20.6823206,60.1100751,0]]]},{"type":"MultiLineString","coordinates":[[[20.6823206,60.1100751,0],[20.6830227,60.1091831,0],[20.6909445,60.1090148,0],[20.7193995,60.1056333,0],[20.7488286,60.0950868,0],[20.7714318,60.069322,0],[20.778635,60.0671655,0],[20.783053,60.0658955,0],[20.7908806,60.0635231,0],[20.796163,60.0619653,0],[20.8001696,60.0618319,0],[20.8036457,60.062453,0],[20.8052336,60.0629242,0],[20.8064352,60.063738,0],[20.8073747,60.0647341,0]]]},{"type":"MultiLineString","coordinates":[[[20.8250786,60.0312659,0],[20.824599,60.0305605,0],[20.8246414,60.0250325,0],[20.8138402,60.0254631,0],[20.8101373,60.0255895,0],[20.8047645,60.0243457,0],[20.7985139,60.0195368,0],[20.7982403,60.0105233,0],[20.8286244,59.9818526,0],[20.8893901,59.9633281,0],[20.8925478,59.9524114,0],[20.8971004,59.9487205,0],[20.8959632,59.947277,0],[20.8901231,59.9463403,0],[20.8899228,59.9457099,0],[20.8917824,59.9455971,0]]]}]}');
INSERT INTO line_segments (id, from_stop, to_stop, line, geometry) VALUES (22, 6, 4, 2, '{"type":"GeometryCollection","geometries":[{"type":"MultiLineString","coordinates":[[[20.8073747,60.0647341,0],[20.8078372,60.0634645,0],[20.8071828,60.0625543,0],[20.8017325,60.0611621,0],[20.7828927,60.0585919,0],[20.7815196,60.0542655,0],[20.7885268,60.0486064,0],[20.7910243,60.0369224,0],[20.8011559,60.0251313,0],[20.8041143,60.0253854,0],[20.8098636,60.0262196,0],[20.8235536,60.0255121,0],[20.823618,60.0306361,0],[20.8250786,60.0312659,0]]]},{"type":"MultiLineString","coordinates":[[[20.8917824,59.9455971,0],[20.890304,59.9458556,0],[20.8904756,59.946221,0],[20.8924225,59.9465493,0],[20.8940318,59.9471027,0],[20.8953407,59.9476287,0],[20.8956583,59.9484142,0],[20.8948687,59.9493722,0],[20.8921864,59.9520702,0],[20.889942,59.9544151,0],[20.8889893,59.9558783,0],[20.8884099,59.9580634,0],[20.8881814,59.9612704,0],[20.8884528,59.9628746,0],[20.889633,59.9636839,0],[20.8915331,59.9641436,0],[20.901748,59.9645738,0],[20.9151901,59.9650936,0],[20.9269211,59.9653546,0],[20.9399633,59.9655577,0],[20.9485504,59.965891,0],[20.9570476,59.9664576,0],[20.9621996,59.966747,0],[20.9646136,59.9670654,0],[20.9678408,59.9676819,0],[20.9744198,59.9687579,0],[20.9769003,59.9690774,0],[20.9798596,59.9691349,0],[20.9916631,59.9687654,0],[20.9975704,59.9687198,0],[21.001377,59.9689652,0],[21.0167772,59.9704724,0],[21.0300305,59.9716766,0],[21.037883,59.9723499,0],[21.0443525,59.9724729,0],[21.0515333,59.9724299,0],[21.053516,59.9727826,0],[21.0546149,59.9733263,0],[21.0638607,59.9806079,0],[21.0683464,59.983613,0],[21.0712895,59.9852532,0],[21.0771815,59.9880561,0],[21.1244003,60.0290056,0],[21.1278614,60.0311162,0],[21.206846,60.0715985,0],[21.2203558,60.0781262,0],[21.2325513,60.0840671,0],[21.248917,60.0920378,0],[21.2640779,60.0992513,0],[21.2721632,60.1032297,0],[21.2826753,60.1083063,0],[21.2904913,60.1121275,0],[21.2993522,60.1161867,0],[21.3081992,60.1202512,0],[21.3181019,60.1246011,0],[21.3270884,60.1284578,0],[21.3397699,60.1339505,0],[21.3541691,60.1400914,0],[21.3708417,60.147187,0],[21.3813194,60.1516114,0],[21.3886708,60.1548936,0],[21.3979202,60.1586559,0],[21.4116445,60.1643305,0],[21.4210161,60.1683479,0],[21.4354357,60.1742678,0],[21.4408248,60.1763707,0],[21.4453277,60.1775739,0],[21.4580918,60.1796713,0],[21.4660118,60.1810019,0],[21.4702561,60.1817573,0],[21.4746271,60.1827699,0],[21.4810064,60.1851555,0],[21.4892397,60.1882589,0],[21.4937673,60.1898195,0],[21.4979043,60.1906302,0],[21.5104163,60.191347,0],[21.5184844,60.1916745,0],[21.527443,60.1930142,0],[21.5420342,60.1956049,0],[21.5460189,60.196088,0],[21.5485938,60.1956486,0],[21.5540441,60.193779,0],[21.5617602,60.19101,0],[21.5655168,60.1900032,0],[21.5711523,60.189235,0],[21.5789049,60.1883047,0],[21.581512,60.1876711,0],[21.5834108,60.1864102,0],[21.5841271,60.1858236,0],[21.584739,60.1853635,0],[21.5854149,60.1850835,0],[21.5865524,60.1846737,0]]]},{"type":"MultiLineString","coordinates":[[[20.2965061,60.1176075,0],[20.296268,60.1185314,0],[20.2967012,60.1191926,0],[20.2975448,60.1193522,0],[20.2984569,60.1191242,0],[20.3027264,60.1178248,0],[20.3089491,60.1160672,0],[20.3140647,60.1146602,0],[20.3195578,60.1138904,0],[20.3231026,60.1136252,0],[20.3334624,60.1134627,0],[20.3437621,60.1136338,0],[20.3537184,60.1144036,0],[20.3634431,60.1153359,0],[20.3692795,60.1152504,0],[20.3779227,60.1143181,0],[20.3859307,60.1127699,0],[20.3947455,60.1109821,0],[20.4105383,60.1069613,0],[20.4224946,60.1039583,0],[20.4310776,60.1026748,0],[20.4372574,60.1021614,0],[20.4502996,60.1015393,0],[20.4552212,60.1019623,0],[20.4583371,60.1026344,0],[20.4614237,60.103714,0],[20.4815414,60.1139846,0],[20.501759,60.1157535,0],[20.5047204,60.1151862,0],[20.5060937,60.1144806,0],[20.5092073,60.1118327,0],[20.5096666,60.1114869,0],[20.5106347,60.1115177,0]]]},{"type":"MultiLineString","coordinates":[[[20.5106347,60.1115177,0],[20.5102712,60.1118169,0],[20.5101691,60.1120733,0],[20.5100763,60.1123846,0],[20.5100538,60.1128522,0],[20.5104556,60.1135236,0],[20.5113722,60.1140957,0],[20.5218415,60.1157247,0],[20.535048,60.116259,0],[20.58542,60.1260053,0],[20.6717787,60.0967685,0],[20.6902252,60.0965176,0],[20.699041,60.0995944,0],[20.7008435,60.1005784,0],[20.7029034,60.1031026,0],[20.7031609,60.1047283,0],[20.7021309,60.1061828,0],[20.6976678,60.1072522,0],[20.6907771,60.1085079,0],[20.6827497,60.1088443,0],[20.6823206,60.1100751,0]]]},{"type":"MultiLineString","coordinates":[[[20.6823206,60.1100751,0],[20.6830227,60.1091831,0],[20.6909445,60.1090148,0],[20.7193995,60.1056333,0],[20.7488286,60.0950868,0],[20.7714318,60.069322,0],[20.778635,60.0671655,0],[20.783053,60.0658955,0],[20.7908806,60.0635231,0],[20.796163,60.0619653,0],[20.8001696,60.0618319,0],[20.8036457,60.062453,0],[20.8052336,60.0629242,0],[20.8064352,60.063738,0],[20.8073747,60.0647341,0]]]},{"type":"MultiLineString","coordinates":[[[20.8250786,60.0312659,0],[20.824599,60.0305605,0],[20.8246414,60.0250325,0],[20.8138402,60.0254631,0],[20.8101373,60.0255895,0],[20.8047645,60.0243457,0],[20.7985139,60.0195368,0],[20.7982403,60.0105233,0],[20.8286244,59.9818526,0],[20.8893901,59.9633281,0],[20.8925478,59.9524114,0],[20.8971004,59.9487205,0],[20.8959632,59.947277,0],[20.8901231,59.9463403,0],[20.8899228,59.9457099,0],[20.8917824,59.9455971,0]]]}]}');

-- from Överö
INSERT INTO line_segments (id, from_stop, to_stop, line, geometry) VALUES (23, 3, 9, 2, '{"type":"GeometryCollection","geometries":[{"type":"MultiLineString","coordinates":[[[20.5106347,60.1115177,0],[20.5102712,60.1118169,0],[20.5101691,60.1120733,0],[20.5100763,60.1123846,0],[20.5100538,60.1128522,0],[20.5104556,60.1135236,0],[20.5113722,60.1140957,0],[20.5218415,60.1157247,0],[20.535048,60.116259,0],[20.58542,60.1260053,0],[20.6717787,60.0967685,0],[20.6902252,60.0965176,0],[20.699041,60.0995944,0],[20.7008435,60.1005784,0],[20.7029034,60.1031026,0],[20.7031609,60.1047283,0],[20.7021309,60.1061828,0],[20.6976678,60.1072522,0],[20.6907771,60.1085079,0],[20.6827497,60.1088443,0],[20.6823206,60.1100751,0]]]},{"type":"MultiLineString","coordinates":[[[20.6823206,60.1100751,0],[20.6830227,60.1091831,0],[20.6909445,60.1090148,0],[20.7193995,60.1056333,0],[20.7488286,60.0950868,0],[20.7714318,60.069322,0],[20.778635,60.0671655,0],[20.783053,60.0658955,0],[20.7908806,60.0635231,0],[20.796163,60.0619653,0],[20.8001696,60.0618319,0],[20.8036457,60.062453,0],[20.8052336,60.0629242,0],[20.8064352,60.063738,0],[20.8073747,60.0647341,0]]]}]}');
INSERT INTO line_segments (id, from_stop, to_stop, line, geometry) VALUES (24, 3, 8, 2, '{"type":"GeometryCollection","geometries":[{"type":"MultiLineString","coordinates":[[[20.8073747,60.0647341,0],[20.8078372,60.0634645,0],[20.8071828,60.0625543,0],[20.8017325,60.0611621,0],[20.7828927,60.0585919,0],[20.7815196,60.0542655,0],[20.7885268,60.0486064,0],[20.7910243,60.0369224,0],[20.8011559,60.0251313,0],[20.8041143,60.0253854,0],[20.8098636,60.0262196,0],[20.8235536,60.0255121,0],[20.823618,60.0306361,0],[20.8250786,60.0312659,0]]]},{"type":"MultiLineString","coordinates":[[[20.5106347,60.1115177,0],[20.5102712,60.1118169,0],[20.5101691,60.1120733,0],[20.5100763,60.1123846,0],[20.5100538,60.1128522,0],[20.5104556,60.1135236,0],[20.5113722,60.1140957,0],[20.5218415,60.1157247,0],[20.535048,60.116259,0],[20.58542,60.1260053,0],[20.6717787,60.0967685,0],[20.6902252,60.0965176,0],[20.699041,60.0995944,0],[20.7008435,60.1005784,0],[20.7029034,60.1031026,0],[20.7031609,60.1047283,0],[20.7021309,60.1061828,0],[20.6976678,60.1072522,0],[20.6907771,60.1085079,0],[20.6827497,60.1088443,0],[20.6823206,60.1100751,0]]]},{"type":"MultiLineString","coordinates":[[[20.6823206,60.1100751,0],[20.6830227,60.1091831,0],[20.6909445,60.1090148,0],[20.7193995,60.1056333,0],[20.7488286,60.0950868,0],[20.7714318,60.069322,0],[20.778635,60.0671655,0],[20.783053,60.0658955,0],[20.7908806,60.0635231,0],[20.796163,60.0619653,0],[20.8001696,60.0618319,0],[20.8036457,60.062453,0],[20.8052336,60.0629242,0],[20.8064352,60.063738,0],[20.8073747,60.0647341,0]]]}]}');
INSERT INTO line_segments (id, from_stop, to_stop, line, geometry) VALUES (25, 3, 7, 2, '{"type":"GeometryCollection","geometries":[{"type":"MultiLineString","coordinates":[[[20.8073747,60.0647341,0],[20.8078372,60.0634645,0],[20.8071828,60.0625543,0],[20.8017325,60.0611621,0],[20.7828927,60.0585919,0],[20.7815196,60.0542655,0],[20.7885268,60.0486064,0],[20.7910243,60.0369224,0],[20.8011559,60.0251313,0],[20.8041143,60.0253854,0],[20.8098636,60.0262196,0],[20.8235536,60.0255121,0],[20.823618,60.0306361,0],[20.8250786,60.0312659,0]]]},{"type":"MultiLineString","coordinates":[[[20.5106347,60.1115177,0],[20.5102712,60.1118169,0],[20.5101691,60.1120733,0],[20.5100763,60.1123846,0],[20.5100538,60.1128522,0],[20.5104556,60.1135236,0],[20.5113722,60.1140957,0],[20.5218415,60.1157247,0],[20.535048,60.116259,0],[20.58542,60.1260053,0],[20.6717787,60.0967685,0],[20.6902252,60.0965176,0],[20.699041,60.0995944,0],[20.7008435,60.1005784,0],[20.7029034,60.1031026,0],[20.7031609,60.1047283,0],[20.7021309,60.1061828,0],[20.6976678,60.1072522,0],[20.6907771,60.1085079,0],[20.6827497,60.1088443,0],[20.6823206,60.1100751,0]]]},{"type":"MultiLineString","coordinates":[[[20.6823206,60.1100751,0],[20.6830227,60.1091831,0],[20.6909445,60.1090148,0],[20.7193995,60.1056333,0],[20.7488286,60.0950868,0],[20.7714318,60.069322,0],[20.778635,60.0671655,0],[20.783053,60.0658955,0],[20.7908806,60.0635231,0],[20.796163,60.0619653,0],[20.8001696,60.0618319,0],[20.8036457,60.062453,0],[20.8052336,60.0629242,0],[20.8064352,60.063738,0],[20.8073747,60.0647341,0]]]},{"type":"MultiLineString","coordinates":[[[20.8250786,60.0312659,0],[20.824599,60.0305605,0],[20.8246414,60.0250325,0],[20.8138402,60.0254631,0],[20.8101373,60.0255895,0],[20.8047645,60.0243457,0],[20.7985139,60.0195368,0],[20.7982403,60.0105233,0],[20.8286244,59.9818526,0],[20.8893901,59.9633281,0],[20.8925478,59.9524114,0],[20.8971004,59.9487205,0],[20.8959632,59.947277,0],[20.8901231,59.9463403,0],[20.8899228,59.9457099,0],[20.8917824,59.9455971,0]]]}]}');
INSERT INTO line_segments (id, from_stop, to_stop, line, geometry) VALUES (26, 3, 6, 2, '{"type":"GeometryCollection","geometries":[{"type":"MultiLineString","coordinates":[[[20.8073747,60.0647341,0],[20.8078372,60.0634645,0],[20.8071828,60.0625543,0],[20.8017325,60.0611621,0],[20.7828927,60.0585919,0],[20.7815196,60.0542655,0],[20.7885268,60.0486064,0],[20.7910243,60.0369224,0],[20.8011559,60.0251313,0],[20.8041143,60.0253854,0],[20.8098636,60.0262196,0],[20.8235536,60.0255121,0],[20.823618,60.0306361,0],[20.8250786,60.0312659,0]]]},{"type":"MultiLineString","coordinates":[[[20.8917824,59.9455971,0],[20.890304,59.9458556,0],[20.8904756,59.946221,0],[20.8924225,59.9465493,0],[20.8940318,59.9471027,0],[20.8953407,59.9476287,0],[20.8956583,59.9484142,0],[20.8948687,59.9493722,0],[20.8921864,59.9520702,0],[20.889942,59.9544151,0],[20.8889893,59.9558783,0],[20.8884099,59.9580634,0],[20.8881814,59.9612704,0],[20.8884528,59.9628746,0],[20.889633,59.9636839,0],[20.8915331,59.9641436,0],[20.901748,59.9645738,0],[20.9151901,59.9650936,0],[20.9269211,59.9653546,0],[20.9399633,59.9655577,0],[20.9485504,59.965891,0],[20.9570476,59.9664576,0],[20.9621996,59.966747,0],[20.9646136,59.9670654,0],[20.9678408,59.9676819,0],[20.9744198,59.9687579,0],[20.9769003,59.9690774,0],[20.9798596,59.9691349,0],[20.9916631,59.9687654,0],[20.9975704,59.9687198,0],[21.001377,59.9689652,0],[21.0167772,59.9704724,0],[21.0300305,59.9716766,0],[21.037883,59.9723499,0],[21.0443525,59.9724729,0],[21.0515333,59.9724299,0],[21.053516,59.9727826,0],[21.0546149,59.9733263,0],[21.0638607,59.9806079,0],[21.0683464,59.983613,0],[21.0712895,59.9852532,0],[21.0771815,59.9880561,0],[21.1244003,60.0290056,0],[21.1278614,60.0311162,0],[21.206846,60.0715985,0],[21.2203558,60.0781262,0],[21.2325513,60.0840671,0],[21.248917,60.0920378,0],[21.2640779,60.0992513,0],[21.2721632,60.1032297,0],[21.2826753,60.1083063,0],[21.2904913,60.1121275,0],[21.2993522,60.1161867,0],[21.3081992,60.1202512,0],[21.3181019,60.1246011,0],[21.3270884,60.1284578,0],[21.3397699,60.1339505,0],[21.3541691,60.1400914,0],[21.3708417,60.147187,0],[21.3813194,60.1516114,0],[21.3886708,60.1548936,0],[21.3979202,60.1586559,0],[21.4116445,60.1643305,0],[21.4210161,60.1683479,0],[21.4354357,60.1742678,0],[21.4408248,60.1763707,0],[21.4453277,60.1775739,0],[21.4580918,60.1796713,0],[21.4660118,60.1810019,0],[21.4702561,60.1817573,0],[21.4746271,60.1827699,0],[21.4810064,60.1851555,0],[21.4892397,60.1882589,0],[21.4937673,60.1898195,0],[21.4979043,60.1906302,0],[21.5104163,60.191347,0],[21.5184844,60.1916745,0],[21.527443,60.1930142,0],[21.5420342,60.1956049,0],[21.5460189,60.196088,0],[21.5485938,60.1956486,0],[21.5540441,60.193779,0],[21.5617602,60.19101,0],[21.5655168,60.1900032,0],[21.5711523,60.189235,0],[21.5789049,60.1883047,0],[21.581512,60.1876711,0],[21.5834108,60.1864102,0],[21.5841271,60.1858236,0],[21.584739,60.1853635,0],[21.5854149,60.1850835,0],[21.5865524,60.1846737,0]]]},{"type":"MultiLineString","coordinates":[[[20.5106347,60.1115177,0],[20.5102712,60.1118169,0],[20.5101691,60.1120733,0],[20.5100763,60.1123846,0],[20.5100538,60.1128522,0],[20.5104556,60.1135236,0],[20.5113722,60.1140957,0],[20.5218415,60.1157247,0],[20.535048,60.116259,0],[20.58542,60.1260053,0],[20.6717787,60.0967685,0],[20.6902252,60.0965176,0],[20.699041,60.0995944,0],[20.7008435,60.1005784,0],[20.7029034,60.1031026,0],[20.7031609,60.1047283,0],[20.7021309,60.1061828,0],[20.6976678,60.1072522,0],[20.6907771,60.1085079,0],[20.6827497,60.1088443,0],[20.6823206,60.1100751,0]]]},{"type":"MultiLineString","coordinates":[[[20.6823206,60.1100751,0],[20.6830227,60.1091831,0],[20.6909445,60.1090148,0],[20.7193995,60.1056333,0],[20.7488286,60.0950868,0],[20.7714318,60.069322,0],[20.778635,60.0671655,0],[20.783053,60.0658955,0],[20.7908806,60.0635231,0],[20.796163,60.0619653,0],[20.8001696,60.0618319,0],[20.8036457,60.062453,0],[20.8052336,60.0629242,0],[20.8064352,60.063738,0],[20.8073747,60.0647341,0]]]},{"type":"MultiLineString","coordinates":[[[20.8250786,60.0312659,0],[20.824599,60.0305605,0],[20.8246414,60.0250325,0],[20.8138402,60.0254631,0],[20.8101373,60.0255895,0],[20.8047645,60.0243457,0],[20.7985139,60.0195368,0],[20.7982403,60.0105233,0],[20.8286244,59.9818526,0],[20.8893901,59.9633281,0],[20.8925478,59.9524114,0],[20.8971004,59.9487205,0],[20.8959632,59.947277,0],[20.8901231,59.9463403,0],[20.8899228,59.9457099,0],[20.8917824,59.9455971,0]]]}]}');

-- to Överö
INSERT INTO line_segments (id, from_stop, to_stop, line, geometry) VALUES (27, 9, 3, 2, '{"type":"GeometryCollection","geometries":[{"type":"MultiLineString","coordinates":[[[20.5106347,60.1115177,0],[20.5102712,60.1118169,0],[20.5101691,60.1120733,0],[20.5100763,60.1123846,0],[20.5100538,60.1128522,0],[20.5104556,60.1135236,0],[20.5113722,60.1140957,0],[20.5218415,60.1157247,0],[20.535048,60.116259,0],[20.58542,60.1260053,0],[20.6717787,60.0967685,0],[20.6902252,60.0965176,0],[20.699041,60.0995944,0],[20.7008435,60.1005784,0],[20.7029034,60.1031026,0],[20.7031609,60.1047283,0],[20.7021309,60.1061828,0],[20.6976678,60.1072522,0],[20.6907771,60.1085079,0],[20.6827497,60.1088443,0],[20.6823206,60.1100751,0]]]},{"type":"MultiLineString","coordinates":[[[20.6823206,60.1100751,0],[20.6830227,60.1091831,0],[20.6909445,60.1090148,0],[20.7193995,60.1056333,0],[20.7488286,60.0950868,0],[20.7714318,60.069322,0],[20.778635,60.0671655,0],[20.783053,60.0658955,0],[20.7908806,60.0635231,0],[20.796163,60.0619653,0],[20.8001696,60.0618319,0],[20.8036457,60.062453,0],[20.8052336,60.0629242,0],[20.8064352,60.063738,0],[20.8073747,60.0647341,0]]]}]}');
INSERT INTO line_segments (id, from_stop, to_stop, line, geometry) VALUES (28, 8, 3, 2, '{"type":"GeometryCollection","geometries":[{"type":"MultiLineString","coordinates":[[[20.8073747,60.0647341,0],[20.8078372,60.0634645,0],[20.8071828,60.0625543,0],[20.8017325,60.0611621,0],[20.7828927,60.0585919,0],[20.7815196,60.0542655,0],[20.7885268,60.0486064,0],[20.7910243,60.0369224,0],[20.8011559,60.0251313,0],[20.8041143,60.0253854,0],[20.8098636,60.0262196,0],[20.8235536,60.0255121,0],[20.823618,60.0306361,0],[20.8250786,60.0312659,0]]]},{"type":"MultiLineString","coordinates":[[[20.5106347,60.1115177,0],[20.5102712,60.1118169,0],[20.5101691,60.1120733,0],[20.5100763,60.1123846,0],[20.5100538,60.1128522,0],[20.5104556,60.1135236,0],[20.5113722,60.1140957,0],[20.5218415,60.1157247,0],[20.535048,60.116259,0],[20.58542,60.1260053,0],[20.6717787,60.0967685,0],[20.6902252,60.0965176,0],[20.699041,60.0995944,0],[20.7008435,60.1005784,0],[20.7029034,60.1031026,0],[20.7031609,60.1047283,0],[20.7021309,60.1061828,0],[20.6976678,60.1072522,0],[20.6907771,60.1085079,0],[20.6827497,60.1088443,0],[20.6823206,60.1100751,0]]]},{"type":"MultiLineString","coordinates":[[[20.6823206,60.1100751,0],[20.6830227,60.1091831,0],[20.6909445,60.1090148,0],[20.7193995,60.1056333,0],[20.7488286,60.0950868,0],[20.7714318,60.069322,0],[20.778635,60.0671655,0],[20.783053,60.0658955,0],[20.7908806,60.0635231,0],[20.796163,60.0619653,0],[20.8001696,60.0618319,0],[20.8036457,60.062453,0],[20.8052336,60.0629242,0],[20.8064352,60.063738,0],[20.8073747,60.0647341,0]]]}]}');
INSERT INTO line_segments (id, from_stop, to_stop, line, geometry) VALUES (29, 7, 3, 2, '{"type":"GeometryCollection","geometries":[{"type":"MultiLineString","coordinates":[[[20.8073747,60.0647341,0],[20.8078372,60.0634645,0],[20.8071828,60.0625543,0],[20.8017325,60.0611621,0],[20.7828927,60.0585919,0],[20.7815196,60.0542655,0],[20.7885268,60.0486064,0],[20.7910243,60.0369224,0],[20.8011559,60.0251313,0],[20.8041143,60.0253854,0],[20.8098636,60.0262196,0],[20.8235536,60.0255121,0],[20.823618,60.0306361,0],[20.8250786,60.0312659,0]]]},{"type":"MultiLineString","coordinates":[[[20.5106347,60.1115177,0],[20.5102712,60.1118169,0],[20.5101691,60.1120733,0],[20.5100763,60.1123846,0],[20.5100538,60.1128522,0],[20.5104556,60.1135236,0],[20.5113722,60.1140957,0],[20.5218415,60.1157247,0],[20.535048,60.116259,0],[20.58542,60.1260053,0],[20.6717787,60.0967685,0],[20.6902252,60.0965176,0],[20.699041,60.0995944,0],[20.7008435,60.1005784,0],[20.7029034,60.1031026,0],[20.7031609,60.1047283,0],[20.7021309,60.1061828,0],[20.6976678,60.1072522,0],[20.6907771,60.1085079,0],[20.6827497,60.1088443,0],[20.6823206,60.1100751,0]]]},{"type":"MultiLineString","coordinates":[[[20.6823206,60.1100751,0],[20.6830227,60.1091831,0],[20.6909445,60.1090148,0],[20.7193995,60.1056333,0],[20.7488286,60.0950868,0],[20.7714318,60.069322,0],[20.778635,60.0671655,0],[20.783053,60.0658955,0],[20.7908806,60.0635231,0],[20.796163,60.0619653,0],[20.8001696,60.0618319,0],[20.8036457,60.062453,0],[20.8052336,60.0629242,0],[20.8064352,60.063738,0],[20.8073747,60.0647341,0]]]},{"type":"MultiLineString","coordinates":[[[20.8250786,60.0312659,0],[20.824599,60.0305605,0],[20.8246414,60.0250325,0],[20.8138402,60.0254631,0],[20.8101373,60.0255895,0],[20.8047645,60.0243457,0],[20.7985139,60.0195368,0],[20.7982403,60.0105233,0],[20.8286244,59.9818526,0],[20.8893901,59.9633281,0],[20.8925478,59.9524114,0],[20.8971004,59.9487205,0],[20.8959632,59.947277,0],[20.8901231,59.9463403,0],[20.8899228,59.9457099,0],[20.8917824,59.9455971,0]]]}]}');
INSERT INTO line_segments (id, from_stop, to_stop, line, geometry) VALUES (30, 6, 3, 2, '{"type":"GeometryCollection","geometries":[{"type":"MultiLineString","coordinates":[[[20.8073747,60.0647341,0],[20.8078372,60.0634645,0],[20.8071828,60.0625543,0],[20.8017325,60.0611621,0],[20.7828927,60.0585919,0],[20.7815196,60.0542655,0],[20.7885268,60.0486064,0],[20.7910243,60.0369224,0],[20.8011559,60.0251313,0],[20.8041143,60.0253854,0],[20.8098636,60.0262196,0],[20.8235536,60.0255121,0],[20.823618,60.0306361,0],[20.8250786,60.0312659,0]]]},{"type":"MultiLineString","coordinates":[[[20.8917824,59.9455971,0],[20.890304,59.9458556,0],[20.8904756,59.946221,0],[20.8924225,59.9465493,0],[20.8940318,59.9471027,0],[20.8953407,59.9476287,0],[20.8956583,59.9484142,0],[20.8948687,59.9493722,0],[20.8921864,59.9520702,0],[20.889942,59.9544151,0],[20.8889893,59.9558783,0],[20.8884099,59.9580634,0],[20.8881814,59.9612704,0],[20.8884528,59.9628746,0],[20.889633,59.9636839,0],[20.8915331,59.9641436,0],[20.901748,59.9645738,0],[20.9151901,59.9650936,0],[20.9269211,59.9653546,0],[20.9399633,59.9655577,0],[20.9485504,59.965891,0],[20.9570476,59.9664576,0],[20.9621996,59.966747,0],[20.9646136,59.9670654,0],[20.9678408,59.9676819,0],[20.9744198,59.9687579,0],[20.9769003,59.9690774,0],[20.9798596,59.9691349,0],[20.9916631,59.9687654,0],[20.9975704,59.9687198,0],[21.001377,59.9689652,0],[21.0167772,59.9704724,0],[21.0300305,59.9716766,0],[21.037883,59.9723499,0],[21.0443525,59.9724729,0],[21.0515333,59.9724299,0],[21.053516,59.9727826,0],[21.0546149,59.9733263,0],[21.0638607,59.9806079,0],[21.0683464,59.983613,0],[21.0712895,59.9852532,0],[21.0771815,59.9880561,0],[21.1244003,60.0290056,0],[21.1278614,60.0311162,0],[21.206846,60.0715985,0],[21.2203558,60.0781262,0],[21.2325513,60.0840671,0],[21.248917,60.0920378,0],[21.2640779,60.0992513,0],[21.2721632,60.1032297,0],[21.2826753,60.1083063,0],[21.2904913,60.1121275,0],[21.2993522,60.1161867,0],[21.3081992,60.1202512,0],[21.3181019,60.1246011,0],[21.3270884,60.1284578,0],[21.3397699,60.1339505,0],[21.3541691,60.1400914,0],[21.3708417,60.147187,0],[21.3813194,60.1516114,0],[21.3886708,60.1548936,0],[21.3979202,60.1586559,0],[21.4116445,60.1643305,0],[21.4210161,60.1683479,0],[21.4354357,60.1742678,0],[21.4408248,60.1763707,0],[21.4453277,60.1775739,0],[21.4580918,60.1796713,0],[21.4660118,60.1810019,0],[21.4702561,60.1817573,0],[21.4746271,60.1827699,0],[21.4810064,60.1851555,0],[21.4892397,60.1882589,0],[21.4937673,60.1898195,0],[21.4979043,60.1906302,0],[21.5104163,60.191347,0],[21.5184844,60.1916745,0],[21.527443,60.1930142,0],[21.5420342,60.1956049,0],[21.5460189,60.196088,0],[21.5485938,60.1956486,0],[21.5540441,60.193779,0],[21.5617602,60.19101,0],[21.5655168,60.1900032,0],[21.5711523,60.189235,0],[21.5789049,60.1883047,0],[21.581512,60.1876711,0],[21.5834108,60.1864102,0],[21.5841271,60.1858236,0],[21.584739,60.1853635,0],[21.5854149,60.1850835,0],[21.5865524,60.1846737,0]]]},{"type":"MultiLineString","coordinates":[[[20.5106347,60.1115177,0],[20.5102712,60.1118169,0],[20.5101691,60.1120733,0],[20.5100763,60.1123846,0],[20.5100538,60.1128522,0],[20.5104556,60.1135236,0],[20.5113722,60.1140957,0],[20.5218415,60.1157247,0],[20.535048,60.116259,0],[20.58542,60.1260053,0],[20.6717787,60.0967685,0],[20.6902252,60.0965176,0],[20.699041,60.0995944,0],[20.7008435,60.1005784,0],[20.7029034,60.1031026,0],[20.7031609,60.1047283,0],[20.7021309,60.1061828,0],[20.6976678,60.1072522,0],[20.6907771,60.1085079,0],[20.6827497,60.1088443,0],[20.6823206,60.1100751,0]]]},{"type":"MultiLineString","coordinates":[[[20.6823206,60.1100751,0],[20.6830227,60.1091831,0],[20.6909445,60.1090148,0],[20.7193995,60.1056333,0],[20.7488286,60.0950868,0],[20.7714318,60.069322,0],[20.778635,60.0671655,0],[20.783053,60.0658955,0],[20.7908806,60.0635231,0],[20.796163,60.0619653,0],[20.8001696,60.0618319,0],[20.8036457,60.062453,0],[20.8052336,60.0629242,0],[20.8064352,60.063738,0],[20.8073747,60.0647341,0]]]},{"type":"MultiLineString","coordinates":[[[20.8250786,60.0312659,0],[20.824599,60.0305605,0],[20.8246414,60.0250325,0],[20.8138402,60.0254631,0],[20.8101373,60.0255895,0],[20.8047645,60.0243457,0],[20.7985139,60.0195368,0],[20.7982403,60.0105233,0],[20.8286244,59.9818526,0],[20.8893901,59.9633281,0],[20.8925478,59.9524114,0],[20.8971004,59.9487205,0],[20.8959632,59.947277,0],[20.8901231,59.9463403,0],[20.8899228,59.9457099,0],[20.8917824,59.9455971,0]]]}]}');

-- from Sottunga
INSERT INTO line_segments (id, from_stop, to_stop, line, geometry) VALUES (31, 2, 8, 2, '{"type":"GeometryCollection","geometries":[{"type":"MultiLineString","coordinates":[[[20.8073747,60.0647341,0],[20.8078372,60.0634645,0],[20.8071828,60.0625543,0],[20.8017325,60.0611621,0],[20.7828927,60.0585919,0],[20.7815196,60.0542655,0],[20.7885268,60.0486064,0],[20.7910243,60.0369224,0],[20.8011559,60.0251313,0],[20.8041143,60.0253854,0],[20.8098636,60.0262196,0],[20.8235536,60.0255121,0],[20.823618,60.0306361,0],[20.8250786,60.0312659,0]]]},{"type":"MultiLineString","coordinates":[[[20.6823206,60.1100751,0],[20.6830227,60.1091831,0],[20.6909445,60.1090148,0],[20.7193995,60.1056333,0],[20.7488286,60.0950868,0],[20.7714318,60.069322,0],[20.778635,60.0671655,0],[20.783053,60.0658955,0],[20.7908806,60.0635231,0],[20.796163,60.0619653,0],[20.8001696,60.0618319,0],[20.8036457,60.062453,0],[20.8052336,60.0629242,0],[20.8064352,60.063738,0],[20.8073747,60.0647341,0]]]}]}');
INSERT INTO line_segments (id, from_stop, to_stop, line, geometry) VALUES (32, 2, 7, 2, '{"type":"GeometryCollection","geometries":[{"type":"MultiLineString","coordinates":[[[20.8073747,60.0647341,0],[20.8078372,60.0634645,0],[20.8071828,60.0625543,0],[20.8017325,60.0611621,0],[20.7828927,60.0585919,0],[20.7815196,60.0542655,0],[20.7885268,60.0486064,0],[20.7910243,60.0369224,0],[20.8011559,60.0251313,0],[20.8041143,60.0253854,0],[20.8098636,60.0262196,0],[20.8235536,60.0255121,0],[20.823618,60.0306361,0],[20.8250786,60.0312659,0]]]},{"type":"MultiLineString","coordinates":[[[20.6823206,60.1100751,0],[20.6830227,60.1091831,0],[20.6909445,60.1090148,0],[20.7193995,60.1056333,0],[20.7488286,60.0950868,0],[20.7714318,60.069322,0],[20.778635,60.0671655,0],[20.783053,60.0658955,0],[20.7908806,60.0635231,0],[20.796163,60.0619653,0],[20.8001696,60.0618319,0],[20.8036457,60.062453,0],[20.8052336,60.0629242,0],[20.8064352,60.063738,0],[20.8073747,60.0647341,0]]]},{"type":"MultiLineString","coordinates":[[[20.8250786,60.0312659,0],[20.824599,60.0305605,0],[20.8246414,60.0250325,0],[20.8138402,60.0254631,0],[20.8101373,60.0255895,0],[20.8047645,60.0243457,0],[20.7985139,60.0195368,0],[20.7982403,60.0105233,0],[20.8286244,59.9818526,0],[20.8893901,59.9633281,0],[20.8925478,59.9524114,0],[20.8971004,59.9487205,0],[20.8959632,59.947277,0],[20.8901231,59.9463403,0],[20.8899228,59.9457099,0],[20.8917824,59.9455971,0]]]}]}');
INSERT INTO line_segments (id, from_stop, to_stop, line, geometry) VALUES (33, 2, 6, 2, '{"type":"GeometryCollection","geometries":[{"type":"MultiLineString","coordinates":[[[20.8073747,60.0647341,0],[20.8078372,60.0634645,0],[20.8071828,60.0625543,0],[20.8017325,60.0611621,0],[20.7828927,60.0585919,0],[20.7815196,60.0542655,0],[20.7885268,60.0486064,0],[20.7910243,60.0369224,0],[20.8011559,60.0251313,0],[20.8041143,60.0253854,0],[20.8098636,60.0262196,0],[20.8235536,60.0255121,0],[20.823618,60.0306361,0],[20.8250786,60.0312659,0]]]},{"type":"MultiLineString","coordinates":[[[20.8917824,59.9455971,0],[20.890304,59.9458556,0],[20.8904756,59.946221,0],[20.8924225,59.9465493,0],[20.8940318,59.9471027,0],[20.8953407,59.9476287,0],[20.8956583,59.9484142,0],[20.8948687,59.9493722,0],[20.8921864,59.9520702,0],[20.889942,59.9544151,0],[20.8889893,59.9558783,0],[20.8884099,59.9580634,0],[20.8881814,59.9612704,0],[20.8884528,59.9628746,0],[20.889633,59.9636839,0],[20.8915331,59.9641436,0],[20.901748,59.9645738,0],[20.9151901,59.9650936,0],[20.9269211,59.9653546,0],[20.9399633,59.9655577,0],[20.9485504,59.965891,0],[20.9570476,59.9664576,0],[20.9621996,59.966747,0],[20.9646136,59.9670654,0],[20.9678408,59.9676819,0],[20.9744198,59.9687579,0],[20.9769003,59.9690774,0],[20.9798596,59.9691349,0],[20.9916631,59.9687654,0],[20.9975704,59.9687198,0],[21.001377,59.9689652,0],[21.0167772,59.9704724,0],[21.0300305,59.9716766,0],[21.037883,59.9723499,0],[21.0443525,59.9724729,0],[21.0515333,59.9724299,0],[21.053516,59.9727826,0],[21.0546149,59.9733263,0],[21.0638607,59.9806079,0],[21.0683464,59.983613,0],[21.0712895,59.9852532,0],[21.0771815,59.9880561,0],[21.1244003,60.0290056,0],[21.1278614,60.0311162,0],[21.206846,60.0715985,0],[21.2203558,60.0781262,0],[21.2325513,60.0840671,0],[21.248917,60.0920378,0],[21.2640779,60.0992513,0],[21.2721632,60.1032297,0],[21.2826753,60.1083063,0],[21.2904913,60.1121275,0],[21.2993522,60.1161867,0],[21.3081992,60.1202512,0],[21.3181019,60.1246011,0],[21.3270884,60.1284578,0],[21.3397699,60.1339505,0],[21.3541691,60.1400914,0],[21.3708417,60.147187,0],[21.3813194,60.1516114,0],[21.3886708,60.1548936,0],[21.3979202,60.1586559,0],[21.4116445,60.1643305,0],[21.4210161,60.1683479,0],[21.4354357,60.1742678,0],[21.4408248,60.1763707,0],[21.4453277,60.1775739,0],[21.4580918,60.1796713,0],[21.4660118,60.1810019,0],[21.4702561,60.1817573,0],[21.4746271,60.1827699,0],[21.4810064,60.1851555,0],[21.4892397,60.1882589,0],[21.4937673,60.1898195,0],[21.4979043,60.1906302,0],[21.5104163,60.191347,0],[21.5184844,60.1916745,0],[21.527443,60.1930142,0],[21.5420342,60.1956049,0],[21.5460189,60.196088,0],[21.5485938,60.1956486,0],[21.5540441,60.193779,0],[21.5617602,60.19101,0],[21.5655168,60.1900032,0],[21.5711523,60.189235,0],[21.5789049,60.1883047,0],[21.581512,60.1876711,0],[21.5834108,60.1864102,0],[21.5841271,60.1858236,0],[21.584739,60.1853635,0],[21.5854149,60.1850835,0],[21.5865524,60.1846737,0]]]},{"type":"MultiLineString","coordinates":[[[20.6823206,60.1100751,0],[20.6830227,60.1091831,0],[20.6909445,60.1090148,0],[20.7193995,60.1056333,0],[20.7488286,60.0950868,0],[20.7714318,60.069322,0],[20.778635,60.0671655,0],[20.783053,60.0658955,0],[20.7908806,60.0635231,0],[20.796163,60.0619653,0],[20.8001696,60.0618319,0],[20.8036457,60.062453,0],[20.8052336,60.0629242,0],[20.8064352,60.063738,0],[20.8073747,60.0647341,0]]]},{"type":"MultiLineString","coordinates":[[[20.8250786,60.0312659,0],[20.824599,60.0305605,0],[20.8246414,60.0250325,0],[20.8138402,60.0254631,0],[20.8101373,60.0255895,0],[20.8047645,60.0243457,0],[20.7985139,60.0195368,0],[20.7982403,60.0105233,0],[20.8286244,59.9818526,0],[20.8893901,59.9633281,0],[20.8925478,59.9524114,0],[20.8971004,59.9487205,0],[20.8959632,59.947277,0],[20.8901231,59.9463403,0],[20.8899228,59.9457099,0],[20.8917824,59.9455971,0]]]}]}');

-- to Sottunga
INSERT INTO line_segments (id, from_stop, to_stop, line, geometry) VALUES (34, 8, 2, 2, '{"type":"GeometryCollection","geometries":[{"type":"MultiLineString","coordinates":[[[20.8073747,60.0647341,0],[20.8078372,60.0634645,0],[20.8071828,60.0625543,0],[20.8017325,60.0611621,0],[20.7828927,60.0585919,0],[20.7815196,60.0542655,0],[20.7885268,60.0486064,0],[20.7910243,60.0369224,0],[20.8011559,60.0251313,0],[20.8041143,60.0253854,0],[20.8098636,60.0262196,0],[20.8235536,60.0255121,0],[20.823618,60.0306361,0],[20.8250786,60.0312659,0]]]},{"type":"MultiLineString","coordinates":[[[20.6823206,60.1100751,0],[20.6830227,60.1091831,0],[20.6909445,60.1090148,0],[20.7193995,60.1056333,0],[20.7488286,60.0950868,0],[20.7714318,60.069322,0],[20.778635,60.0671655,0],[20.783053,60.0658955,0],[20.7908806,60.0635231,0],[20.796163,60.0619653,0],[20.8001696,60.0618319,0],[20.8036457,60.062453,0],[20.8052336,60.0629242,0],[20.8064352,60.063738,0],[20.8073747,60.0647341,0]]]}]}');
INSERT INTO line_segments (id, from_stop, to_stop, line, geometry) VALUES (35, 7, 2, 2, '{"type":"GeometryCollection","geometries":[{"type":"MultiLineString","coordinates":[[[20.8073747,60.0647341,0],[20.8078372,60.0634645,0],[20.8071828,60.0625543,0],[20.8017325,60.0611621,0],[20.7828927,60.0585919,0],[20.7815196,60.0542655,0],[20.7885268,60.0486064,0],[20.7910243,60.0369224,0],[20.8011559,60.0251313,0],[20.8041143,60.0253854,0],[20.8098636,60.0262196,0],[20.8235536,60.0255121,0],[20.823618,60.0306361,0],[20.8250786,60.0312659,0]]]},{"type":"MultiLineString","coordinates":[[[20.6823206,60.1100751,0],[20.6830227,60.1091831,0],[20.6909445,60.1090148,0],[20.7193995,60.1056333,0],[20.7488286,60.0950868,0],[20.7714318,60.069322,0],[20.778635,60.0671655,0],[20.783053,60.0658955,0],[20.7908806,60.0635231,0],[20.796163,60.0619653,0],[20.8001696,60.0618319,0],[20.8036457,60.062453,0],[20.8052336,60.0629242,0],[20.8064352,60.063738,0],[20.8073747,60.0647341,0]]]},{"type":"MultiLineString","coordinates":[[[20.8250786,60.0312659,0],[20.824599,60.0305605,0],[20.8246414,60.0250325,0],[20.8138402,60.0254631,0],[20.8101373,60.0255895,0],[20.8047645,60.0243457,0],[20.7985139,60.0195368,0],[20.7982403,60.0105233,0],[20.8286244,59.9818526,0],[20.8893901,59.9633281,0],[20.8925478,59.9524114,0],[20.8971004,59.9487205,0],[20.8959632,59.947277,0],[20.8901231,59.9463403,0],[20.8899228,59.9457099,0],[20.8917824,59.9455971,0]]]}]}');
INSERT INTO line_segments (id, from_stop, to_stop, line, geometry) VALUES (36, 6, 2, 2, '{"type":"GeometryCollection","geometries":[{"type":"MultiLineString","coordinates":[[[20.8073747,60.0647341,0],[20.8078372,60.0634645,0],[20.8071828,60.0625543,0],[20.8017325,60.0611621,0],[20.7828927,60.0585919,0],[20.7815196,60.0542655,0],[20.7885268,60.0486064,0],[20.7910243,60.0369224,0],[20.8011559,60.0251313,0],[20.8041143,60.0253854,0],[20.8098636,60.0262196,0],[20.8235536,60.0255121,0],[20.823618,60.0306361,0],[20.8250786,60.0312659,0]]]},{"type":"MultiLineString","coordinates":[[[20.8917824,59.9455971,0],[20.890304,59.9458556,0],[20.8904756,59.946221,0],[20.8924225,59.9465493,0],[20.8940318,59.9471027,0],[20.8953407,59.9476287,0],[20.8956583,59.9484142,0],[20.8948687,59.9493722,0],[20.8921864,59.9520702,0],[20.889942,59.9544151,0],[20.8889893,59.9558783,0],[20.8884099,59.9580634,0],[20.8881814,59.9612704,0],[20.8884528,59.9628746,0],[20.889633,59.9636839,0],[20.8915331,59.9641436,0],[20.901748,59.9645738,0],[20.9151901,59.9650936,0],[20.9269211,59.9653546,0],[20.9399633,59.9655577,0],[20.9485504,59.965891,0],[20.9570476,59.9664576,0],[20.9621996,59.966747,0],[20.9646136,59.9670654,0],[20.9678408,59.9676819,0],[20.9744198,59.9687579,0],[20.9769003,59.9690774,0],[20.9798596,59.9691349,0],[20.9916631,59.9687654,0],[20.9975704,59.9687198,0],[21.001377,59.9689652,0],[21.0167772,59.9704724,0],[21.0300305,59.9716766,0],[21.037883,59.9723499,0],[21.0443525,59.9724729,0],[21.0515333,59.9724299,0],[21.053516,59.9727826,0],[21.0546149,59.9733263,0],[21.0638607,59.9806079,0],[21.0683464,59.983613,0],[21.0712895,59.9852532,0],[21.0771815,59.9880561,0],[21.1244003,60.0290056,0],[21.1278614,60.0311162,0],[21.206846,60.0715985,0],[21.2203558,60.0781262,0],[21.2325513,60.0840671,0],[21.248917,60.0920378,0],[21.2640779,60.0992513,0],[21.2721632,60.1032297,0],[21.2826753,60.1083063,0],[21.2904913,60.1121275,0],[21.2993522,60.1161867,0],[21.3081992,60.1202512,0],[21.3181019,60.1246011,0],[21.3270884,60.1284578,0],[21.3397699,60.1339505,0],[21.3541691,60.1400914,0],[21.3708417,60.147187,0],[21.3813194,60.1516114,0],[21.3886708,60.1548936,0],[21.3979202,60.1586559,0],[21.4116445,60.1643305,0],[21.4210161,60.1683479,0],[21.4354357,60.1742678,0],[21.4408248,60.1763707,0],[21.4453277,60.1775739,0],[21.4580918,60.1796713,0],[21.4660118,60.1810019,0],[21.4702561,60.1817573,0],[21.4746271,60.1827699,0],[21.4810064,60.1851555,0],[21.4892397,60.1882589,0],[21.4937673,60.1898195,0],[21.4979043,60.1906302,0],[21.5104163,60.191347,0],[21.5184844,60.1916745,0],[21.527443,60.1930142,0],[21.5420342,60.1956049,0],[21.5460189,60.196088,0],[21.5485938,60.1956486,0],[21.5540441,60.193779,0],[21.5617602,60.19101,0],[21.5655168,60.1900032,0],[21.5711523,60.189235,0],[21.5789049,60.1883047,0],[21.581512,60.1876711,0],[21.5834108,60.1864102,0],[21.5841271,60.1858236,0],[21.584739,60.1853635,0],[21.5854149,60.1850835,0],[21.5865524,60.1846737,0]]]},{"type":"MultiLineString","coordinates":[[[20.6823206,60.1100751,0],[20.6830227,60.1091831,0],[20.6909445,60.1090148,0],[20.7193995,60.1056333,0],[20.7488286,60.0950868,0],[20.7714318,60.069322,0],[20.778635,60.0671655,0],[20.783053,60.0658955,0],[20.7908806,60.0635231,0],[20.796163,60.0619653,0],[20.8001696,60.0618319,0],[20.8036457,60.062453,0],[20.8052336,60.0629242,0],[20.8064352,60.063738,0],[20.8073747,60.0647341,0]]]},{"type":"MultiLineString","coordinates":[[[20.8250786,60.0312659,0],[20.824599,60.0305605,0],[20.8246414,60.0250325,0],[20.8138402,60.0254631,0],[20.8101373,60.0255895,0],[20.8047645,60.0243457,0],[20.7985139,60.0195368,0],[20.7982403,60.0105233,0],[20.8286244,59.9818526,0],[20.8893901,59.9633281,0],[20.8925478,59.9524114,0],[20.8971004,59.9487205,0],[20.8959632,59.947277,0],[20.8901231,59.9463403,0],[20.8899228,59.9457099,0],[20.8917824,59.9455971,0]]]}]}');

-- from Husö
INSERT INTO line_segments (id, from_stop, to_stop, line, geometry) VALUES (37, 9, 7, 2, '{"type":"GeometryCollection","geometries":[{"type":"MultiLineString","coordinates":[[[20.8073747,60.0647341,0],[20.8078372,60.0634645,0],[20.8071828,60.0625543,0],[20.8017325,60.0611621,0],[20.7828927,60.0585919,0],[20.7815196,60.0542655,0],[20.7885268,60.0486064,0],[20.7910243,60.0369224,0],[20.8011559,60.0251313,0],[20.8041143,60.0253854,0],[20.8098636,60.0262196,0],[20.8235536,60.0255121,0],[20.823618,60.0306361,0],[20.8250786,60.0312659,0]]]},{"type":"MultiLineString","coordinates":[[[20.8250786,60.0312659,0],[20.824599,60.0305605,0],[20.8246414,60.0250325,0],[20.8138402,60.0254631,0],[20.8101373,60.0255895,0],[20.8047645,60.0243457,0],[20.7985139,60.0195368,0],[20.7982403,60.0105233,0],[20.8286244,59.9818526,0],[20.8893901,59.9633281,0],[20.8925478,59.9524114,0],[20.8971004,59.9487205,0],[20.8959632,59.947277,0],[20.8901231,59.9463403,0],[20.8899228,59.9457099,0],[20.8917824,59.9455971,0]]]}]}');
INSERT INTO line_segments (id, from_stop, to_stop, line, geometry) VALUES (38, 9, 6, 2, '{"type":"GeometryCollection","geometries":[{"type":"MultiLineString","coordinates":[[[20.8073747,60.0647341,0],[20.8078372,60.0634645,0],[20.8071828,60.0625543,0],[20.8017325,60.0611621,0],[20.7828927,60.0585919,0],[20.7815196,60.0542655,0],[20.7885268,60.0486064,0],[20.7910243,60.0369224,0],[20.8011559,60.0251313,0],[20.8041143,60.0253854,0],[20.8098636,60.0262196,0],[20.8235536,60.0255121,0],[20.823618,60.0306361,0],[20.8250786,60.0312659,0]]]},{"type":"MultiLineString","coordinates":[[[20.8917824,59.9455971,0],[20.890304,59.9458556,0],[20.8904756,59.946221,0],[20.8924225,59.9465493,0],[20.8940318,59.9471027,0],[20.8953407,59.9476287,0],[20.8956583,59.9484142,0],[20.8948687,59.9493722,0],[20.8921864,59.9520702,0],[20.889942,59.9544151,0],[20.8889893,59.9558783,0],[20.8884099,59.9580634,0],[20.8881814,59.9612704,0],[20.8884528,59.9628746,0],[20.889633,59.9636839,0],[20.8915331,59.9641436,0],[20.901748,59.9645738,0],[20.9151901,59.9650936,0],[20.9269211,59.9653546,0],[20.9399633,59.9655577,0],[20.9485504,59.965891,0],[20.9570476,59.9664576,0],[20.9621996,59.966747,0],[20.9646136,59.9670654,0],[20.9678408,59.9676819,0],[20.9744198,59.9687579,0],[20.9769003,59.9690774,0],[20.9798596,59.9691349,0],[20.9916631,59.9687654,0],[20.9975704,59.9687198,0],[21.001377,59.9689652,0],[21.0167772,59.9704724,0],[21.0300305,59.9716766,0],[21.037883,59.9723499,0],[21.0443525,59.9724729,0],[21.0515333,59.9724299,0],[21.053516,59.9727826,0],[21.0546149,59.9733263,0],[21.0638607,59.9806079,0],[21.0683464,59.983613,0],[21.0712895,59.9852532,0],[21.0771815,59.9880561,0],[21.1244003,60.0290056,0],[21.1278614,60.0311162,0],[21.206846,60.0715985,0],[21.2203558,60.0781262,0],[21.2325513,60.0840671,0],[21.248917,60.0920378,0],[21.2640779,60.0992513,0],[21.2721632,60.1032297,0],[21.2826753,60.1083063,0],[21.2904913,60.1121275,0],[21.2993522,60.1161867,0],[21.3081992,60.1202512,0],[21.3181019,60.1246011,0],[21.3270884,60.1284578,0],[21.3397699,60.1339505,0],[21.3541691,60.1400914,0],[21.3708417,60.147187,0],[21.3813194,60.1516114,0],[21.3886708,60.1548936,0],[21.3979202,60.1586559,0],[21.4116445,60.1643305,0],[21.4210161,60.1683479,0],[21.4354357,60.1742678,0],[21.4408248,60.1763707,0],[21.4453277,60.1775739,0],[21.4580918,60.1796713,0],[21.4660118,60.1810019,0],[21.4702561,60.1817573,0],[21.4746271,60.1827699,0],[21.4810064,60.1851555,0],[21.4892397,60.1882589,0],[21.4937673,60.1898195,0],[21.4979043,60.1906302,0],[21.5104163,60.191347,0],[21.5184844,60.1916745,0],[21.527443,60.1930142,0],[21.5420342,60.1956049,0],[21.5460189,60.196088,0],[21.5485938,60.1956486,0],[21.5540441,60.193779,0],[21.5617602,60.19101,0],[21.5655168,60.1900032,0],[21.5711523,60.189235,0],[21.5789049,60.1883047,0],[21.581512,60.1876711,0],[21.5834108,60.1864102,0],[21.5841271,60.1858236,0],[21.584739,60.1853635,0],[21.5854149,60.1850835,0],[21.5865524,60.1846737,0]]]},{"type":"MultiLineString","coordinates":[[[20.8250786,60.0312659,0],[20.824599,60.0305605,0],[20.8246414,60.0250325,0],[20.8138402,60.0254631,0],[20.8101373,60.0255895,0],[20.8047645,60.0243457,0],[20.7985139,60.0195368,0],[20.7982403,60.0105233,0],[20.8286244,59.9818526,0],[20.8893901,59.9633281,0],[20.8925478,59.9524114,0],[20.8971004,59.9487205,0],[20.8959632,59.947277,0],[20.8901231,59.9463403,0],[20.8899228,59.9457099,0],[20.8917824,59.9455971,0]]]}]}');

-- to Husö
INSERT INTO line_segments (id, from_stop, to_stop, line, geometry) VALUES (39, 7, 9, 2, '{"type":"GeometryCollection","geometries":[{"type":"MultiLineString","coordinates":[[[20.8073747,60.0647341,0],[20.8078372,60.0634645,0],[20.8071828,60.0625543,0],[20.8017325,60.0611621,0],[20.7828927,60.0585919,0],[20.7815196,60.0542655,0],[20.7885268,60.0486064,0],[20.7910243,60.0369224,0],[20.8011559,60.0251313,0],[20.8041143,60.0253854,0],[20.8098636,60.0262196,0],[20.8235536,60.0255121,0],[20.823618,60.0306361,0],[20.8250786,60.0312659,0]]]},{"type":"MultiLineString","coordinates":[[[20.8250786,60.0312659,0],[20.824599,60.0305605,0],[20.8246414,60.0250325,0],[20.8138402,60.0254631,0],[20.8101373,60.0255895,0],[20.8047645,60.0243457,0],[20.7985139,60.0195368,0],[20.7982403,60.0105233,0],[20.8286244,59.9818526,0],[20.8893901,59.9633281,0],[20.8925478,59.9524114,0],[20.8971004,59.9487205,0],[20.8959632,59.947277,0],[20.8901231,59.9463403,0],[20.8899228,59.9457099,0],[20.8917824,59.9455971,0]]]}]}');
INSERT INTO line_segments (id, from_stop, to_stop, line, geometry) VALUES (40, 6, 9, 2, '{"type":"GeometryCollection","geometries":[{"type":"MultiLineString","coordinates":[[[20.8073747,60.0647341,0],[20.8078372,60.0634645,0],[20.8071828,60.0625543,0],[20.8017325,60.0611621,0],[20.7828927,60.0585919,0],[20.7815196,60.0542655,0],[20.7885268,60.0486064,0],[20.7910243,60.0369224,0],[20.8011559,60.0251313,0],[20.8041143,60.0253854,0],[20.8098636,60.0262196,0],[20.8235536,60.0255121,0],[20.823618,60.0306361,0],[20.8250786,60.0312659,0]]]},{"type":"MultiLineString","coordinates":[[[20.8917824,59.9455971,0],[20.890304,59.9458556,0],[20.8904756,59.946221,0],[20.8924225,59.9465493,0],[20.8940318,59.9471027,0],[20.8953407,59.9476287,0],[20.8956583,59.9484142,0],[20.8948687,59.9493722,0],[20.8921864,59.9520702,0],[20.889942,59.9544151,0],[20.8889893,59.9558783,0],[20.8884099,59.9580634,0],[20.8881814,59.9612704,0],[20.8884528,59.9628746,0],[20.889633,59.9636839,0],[20.8915331,59.9641436,0],[20.901748,59.9645738,0],[20.9151901,59.9650936,0],[20.9269211,59.9653546,0],[20.9399633,59.9655577,0],[20.9485504,59.965891,0],[20.9570476,59.9664576,0],[20.9621996,59.966747,0],[20.9646136,59.9670654,0],[20.9678408,59.9676819,0],[20.9744198,59.9687579,0],[20.9769003,59.9690774,0],[20.9798596,59.9691349,0],[20.9916631,59.9687654,0],[20.9975704,59.9687198,0],[21.001377,59.9689652,0],[21.0167772,59.9704724,0],[21.0300305,59.9716766,0],[21.037883,59.9723499,0],[21.0443525,59.9724729,0],[21.0515333,59.9724299,0],[21.053516,59.9727826,0],[21.0546149,59.9733263,0],[21.0638607,59.9806079,0],[21.0683464,59.983613,0],[21.0712895,59.9852532,0],[21.0771815,59.9880561,0],[21.1244003,60.0290056,0],[21.1278614,60.0311162,0],[21.206846,60.0715985,0],[21.2203558,60.0781262,0],[21.2325513,60.0840671,0],[21.248917,60.0920378,0],[21.2640779,60.0992513,0],[21.2721632,60.1032297,0],[21.2826753,60.1083063,0],[21.2904913,60.1121275,0],[21.2993522,60.1161867,0],[21.3081992,60.1202512,0],[21.3181019,60.1246011,0],[21.3270884,60.1284578,0],[21.3397699,60.1339505,0],[21.3541691,60.1400914,0],[21.3708417,60.147187,0],[21.3813194,60.1516114,0],[21.3886708,60.1548936,0],[21.3979202,60.1586559,0],[21.4116445,60.1643305,0],[21.4210161,60.1683479,0],[21.4354357,60.1742678,0],[21.4408248,60.1763707,0],[21.4453277,60.1775739,0],[21.4580918,60.1796713,0],[21.4660118,60.1810019,0],[21.4702561,60.1817573,0],[21.4746271,60.1827699,0],[21.4810064,60.1851555,0],[21.4892397,60.1882589,0],[21.4937673,60.1898195,0],[21.4979043,60.1906302,0],[21.5104163,60.191347,0],[21.5184844,60.1916745,0],[21.527443,60.1930142,0],[21.5420342,60.1956049,0],[21.5460189,60.196088,0],[21.5485938,60.1956486,0],[21.5540441,60.193779,0],[21.5617602,60.19101,0],[21.5655168,60.1900032,0],[21.5711523,60.189235,0],[21.5789049,60.1883047,0],[21.581512,60.1876711,0],[21.5834108,60.1864102,0],[21.5841271,60.1858236,0],[21.584739,60.1853635,0],[21.5854149,60.1850835,0],[21.5865524,60.1846737,0]]]},{"type":"MultiLineString","coordinates":[[[20.8250786,60.0312659,0],[20.824599,60.0305605,0],[20.8246414,60.0250325,0],[20.8138402,60.0254631,0],[20.8101373,60.0255895,0],[20.8047645,60.0243457,0],[20.7985139,60.0195368,0],[20.7982403,60.0105233,0],[20.8286244,59.9818526,0],[20.8893901,59.9633281,0],[20.8925478,59.9524114,0],[20.8971004,59.9487205,0],[20.8959632,59.947277,0],[20.8901231,59.9463403,0],[20.8899228,59.9457099,0],[20.8917824,59.9455971,0]]]}]}');

-- from Kyrkogårdsö
INSERT INTO line_segments (id, from_stop, to_stop, line, geometry) VALUES (41, 8, 6, 2, '{"type":"GeometryCollection","geometries":[{"type":"MultiLineString","coordinates":[[[20.8917824,59.9455971,0],[20.890304,59.9458556,0],[20.8904756,59.946221,0],[20.8924225,59.9465493,0],[20.8940318,59.9471027,0],[20.8953407,59.9476287,0],[20.8956583,59.9484142,0],[20.8948687,59.9493722,0],[20.8921864,59.9520702,0],[20.889942,59.9544151,0],[20.8889893,59.9558783,0],[20.8884099,59.9580634,0],[20.8881814,59.9612704,0],[20.8884528,59.9628746,0],[20.889633,59.9636839,0],[20.8915331,59.9641436,0],[20.901748,59.9645738,0],[20.9151901,59.9650936,0],[20.9269211,59.9653546,0],[20.9399633,59.9655577,0],[20.9485504,59.965891,0],[20.9570476,59.9664576,0],[20.9621996,59.966747,0],[20.9646136,59.9670654,0],[20.9678408,59.9676819,0],[20.9744198,59.9687579,0],[20.9769003,59.9690774,0],[20.9798596,59.9691349,0],[20.9916631,59.9687654,0],[20.9975704,59.9687198,0],[21.001377,59.9689652,0],[21.0167772,59.9704724,0],[21.0300305,59.9716766,0],[21.037883,59.9723499,0],[21.0443525,59.9724729,0],[21.0515333,59.9724299,0],[21.053516,59.9727826,0],[21.0546149,59.9733263,0],[21.0638607,59.9806079,0],[21.0683464,59.983613,0],[21.0712895,59.9852532,0],[21.0771815,59.9880561,0],[21.1244003,60.0290056,0],[21.1278614,60.0311162,0],[21.206846,60.0715985,0],[21.2203558,60.0781262,0],[21.2325513,60.0840671,0],[21.248917,60.0920378,0],[21.2640779,60.0992513,0],[21.2721632,60.1032297,0],[21.2826753,60.1083063,0],[21.2904913,60.1121275,0],[21.2993522,60.1161867,0],[21.3081992,60.1202512,0],[21.3181019,60.1246011,0],[21.3270884,60.1284578,0],[21.3397699,60.1339505,0],[21.3541691,60.1400914,0],[21.3708417,60.147187,0],[21.3813194,60.1516114,0],[21.3886708,60.1548936,0],[21.3979202,60.1586559,0],[21.4116445,60.1643305,0],[21.4210161,60.1683479,0],[21.4354357,60.1742678,0],[21.4408248,60.1763707,0],[21.4453277,60.1775739,0],[21.4580918,60.1796713,0],[21.4660118,60.1810019,0],[21.4702561,60.1817573,0],[21.4746271,60.1827699,0],[21.4810064,60.1851555,0],[21.4892397,60.1882589,0],[21.4937673,60.1898195,0],[21.4979043,60.1906302,0],[21.5104163,60.191347,0],[21.5184844,60.1916745,0],[21.527443,60.1930142,0],[21.5420342,60.1956049,0],[21.5460189,60.196088,0],[21.5485938,60.1956486,0],[21.5540441,60.193779,0],[21.5617602,60.19101,0],[21.5655168,60.1900032,0],[21.5711523,60.189235,0],[21.5789049,60.1883047,0],[21.581512,60.1876711,0],[21.5834108,60.1864102,0],[21.5841271,60.1858236,0],[21.584739,60.1853635,0],[21.5854149,60.1850835,0],[21.5865524,60.1846737,0]]]},{"type":"MultiLineString","coordinates":[[[20.8250786,60.0312659,0],[20.824599,60.0305605,0],[20.8246414,60.0250325,0],[20.8138402,60.0254631,0],[20.8101373,60.0255895,0],[20.8047645,60.0243457,0],[20.7985139,60.0195368,0],[20.7982403,60.0105233,0],[20.8286244,59.9818526,0],[20.8893901,59.9633281,0],[20.8925478,59.9524114,0],[20.8971004,59.9487205,0],[20.8959632,59.947277,0],[20.8901231,59.9463403,0],[20.8899228,59.9457099,0],[20.8917824,59.9455971,0]]]}]}');

-- to Kyrkogårdsö
INSERT INTO line_segments (id, from_stop, to_stop, line, geometry) VALUES (42, 6, 8, 2, '{"type":"GeometryCollection","geometries":[{"type":"MultiLineString","coordinates":[[[20.8917824,59.9455971,0],[20.890304,59.9458556,0],[20.8904756,59.946221,0],[20.8924225,59.9465493,0],[20.8940318,59.9471027,0],[20.8953407,59.9476287,0],[20.8956583,59.9484142,0],[20.8948687,59.9493722,0],[20.8921864,59.9520702,0],[20.889942,59.9544151,0],[20.8889893,59.9558783,0],[20.8884099,59.9580634,0],[20.8881814,59.9612704,0],[20.8884528,59.9628746,0],[20.889633,59.9636839,0],[20.8915331,59.9641436,0],[20.901748,59.9645738,0],[20.9151901,59.9650936,0],[20.9269211,59.9653546,0],[20.9399633,59.9655577,0],[20.9485504,59.965891,0],[20.9570476,59.9664576,0],[20.9621996,59.966747,0],[20.9646136,59.9670654,0],[20.9678408,59.9676819,0],[20.9744198,59.9687579,0],[20.9769003,59.9690774,0],[20.9798596,59.9691349,0],[20.9916631,59.9687654,0],[20.9975704,59.9687198,0],[21.001377,59.9689652,0],[21.0167772,59.9704724,0],[21.0300305,59.9716766,0],[21.037883,59.9723499,0],[21.0443525,59.9724729,0],[21.0515333,59.9724299,0],[21.053516,59.9727826,0],[21.0546149,59.9733263,0],[21.0638607,59.9806079,0],[21.0683464,59.983613,0],[21.0712895,59.9852532,0],[21.0771815,59.9880561,0],[21.1244003,60.0290056,0],[21.1278614,60.0311162,0],[21.206846,60.0715985,0],[21.2203558,60.0781262,0],[21.2325513,60.0840671,0],[21.248917,60.0920378,0],[21.2640779,60.0992513,0],[21.2721632,60.1032297,0],[21.2826753,60.1083063,0],[21.2904913,60.1121275,0],[21.2993522,60.1161867,0],[21.3081992,60.1202512,0],[21.3181019,60.1246011,0],[21.3270884,60.1284578,0],[21.3397699,60.1339505,0],[21.3541691,60.1400914,0],[21.3708417,60.147187,0],[21.3813194,60.1516114,0],[21.3886708,60.1548936,0],[21.3979202,60.1586559,0],[21.4116445,60.1643305,0],[21.4210161,60.1683479,0],[21.4354357,60.1742678,0],[21.4408248,60.1763707,0],[21.4453277,60.1775739,0],[21.4580918,60.1796713,0],[21.4660118,60.1810019,0],[21.4702561,60.1817573,0],[21.4746271,60.1827699,0],[21.4810064,60.1851555,0],[21.4892397,60.1882589,0],[21.4937673,60.1898195,0],[21.4979043,60.1906302,0],[21.5104163,60.191347,0],[21.5184844,60.1916745,0],[21.527443,60.1930142,0],[21.5420342,60.1956049,0],[21.5460189,60.196088,0],[21.5485938,60.1956486,0],[21.5540441,60.193779,0],[21.5617602,60.19101,0],[21.5655168,60.1900032,0],[21.5711523,60.189235,0],[21.5789049,60.1883047,0],[21.581512,60.1876711,0],[21.5834108,60.1864102,0],[21.5841271,60.1858236,0],[21.584739,60.1853635,0],[21.5854149,60.1850835,0],[21.5865524,60.1846737,0]]]},{"type":"MultiLineString","coordinates":[[[20.8250786,60.0312659,0],[20.824599,60.0305605,0],[20.8246414,60.0250325,0],[20.8138402,60.0254631,0],[20.8101373,60.0255895,0],[20.8047645,60.0243457,0],[20.7985139,60.0195368,0],[20.7982403,60.0105233,0],[20.8286244,59.9818526,0],[20.8893901,59.9633281,0],[20.8925478,59.9524114,0],[20.8971004,59.9487205,0],[20.8959632,59.947277,0],[20.8901231,59.9463403,0],[20.8899228,59.9457099,0],[20.8917824,59.9455971,0]]]}]}');

-- demo2 linje Långnäs to Snäckö
INSERT INTO line_segments (id, from_stop, to_stop, line, geometry) VALUES (43, 4, 1, 2, '{"type":"GeometryCollection", "geometries": [{"type":"LineString","coordinates":[[20.5106347,60.1115177],[20.5101382,60.1116882],[20.5098807,60.1119949],[20.5071566,60.1147979],[20.5059956,60.1175866],[20.5053358,60.1193847],[20.5071983,60.120962],[20.5120037,60.1236348],[20.5175838,60.1263994],[20.5225899,60.1279191],[20.5300518,60.1301329],[20.5340204,60.1317669],[20.5390447,60.134403],[20.548293,60.1394888],[20.5562548,60.1443089],[20.563452,60.1486619],[20.5656812,60.1499912],[20.5689985,60.1516824],[20.5759399,60.1531015],[20.585522,60.1549544],[20.6047266,60.1586207],[20.6089849,60.1595512],[20.6129846,60.1607347],[20.6311056,60.1660636],[20.6504423,60.1717131],[20.6679828,60.1769587],[20.6755972,60.1792722],[20.6917854,60.18419],[20.694851,60.1847959],[20.6981319,60.1849405],[20.7143099,60.1855689],[20.7301736,60.1860495],[20.7439247,60.1863584],[20.7472614,60.1869035],[20.7501185,60.1878487],[20.7509113,60.1891752],[20.750008,60.1905966],[20.7471455,60.1929042],[20.7376977,60.2006519],[20.7267135,60.2096711],[20.7224552,60.2133099],[20.7208995,60.2148816],[20.720656,60.2165162],[20.7216001,60.2176779],[20.7233221,60.2184645],[20.7260151,60.2187986],[20.726748,60.2191638]]},{"type":"LineString","coordinates":[[20.5106347,60.1115177],[20.5101845,60.1117745],[20.5100264,60.1120331],[20.5097988,60.112387],[20.5095639,60.1128965],[20.5099676,60.1136507],[20.5109973,60.1142934],[20.5218311,60.1159739],[20.5349329,60.1165649],[20.5854096,60.1262996],[20.6719552,60.0970062],[20.6901729,60.096827],[20.6986709,60.099792],[20.7003792,60.1007245],[20.7023711,60.1031654],[20.702613,60.1046925],[20.7016955,60.1059882],[20.6974641,60.1070021],[20.6907213,60.108339],[20.6826587,60.1087314],[20.6823206,60.1100751],[20.6831137,60.109296],[20.6910002,60.1091837],[20.7018892,60.1085005],[20.7139054,60.1100617],[20.7137338,60.1116014],[20.7117597,60.1147877],[20.6975118,60.129885],[20.6958381,60.1317658],[20.6957093,60.1325096],[20.6970397,60.1377922],[20.6954089,60.1398221],[20.6872121,60.149752],[20.6796161,60.1588545],[20.6724063,60.1675404],[20.6693593,60.1712336],[20.6691447,60.1721728],[20.6693593,60.1734962],[20.6700889,60.1751611],[20.6708184,60.1761002],[20.6730071,60.1779613],[20.6755972,60.1792722],[20.6917854,60.18419],[20.694851,60.1847959],[20.6981319,60.1849405],[20.7143099,60.1855689],[20.7301736,60.1860495],[20.7439247,60.1863584],[20.7472614,60.1869035],[20.7501185,60.1878487],[20.7509113,60.1891752],[20.750008,60.1905966],[20.7471455,60.1929042],[20.7376977,60.2006519],[20.7267135,60.2096711],[20.7224552,60.2133099],[20.7208995,60.2148816],[20.720656,60.2165162],[20.7216001,60.2176779],[20.7233221,60.2184645],[20.7260151,60.2187986],[20.726748,60.2191638]]},{"type":"LineString","coordinates":[[20.2965061,60.1176075],[20.2956341,60.1185749],[20.296196,60.1194326],[20.2975799,60.1196944],[20.2987628,60.1193987],[20.3030459,60.1180952],[20.3092566,60.116341],[20.3143052,60.1149524],[20.3196903,60.1141978],[20.3231595,60.1139383],[20.3334618,60.1137766],[20.3437031,60.1139467],[20.3536106,60.1147128],[20.3633922,60.1156505],[20.3693561,60.1155631],[20.3781043,60.1146195],[20.3861633,60.1130615],[20.3950079,60.1112676],[20.4108233,60.1072412],[20.4227285,60.104251],[20.4312204,60.1029812],[20.4373422,60.1024726],[20.4502828,60.1017936],[20.4551155,60.102209],[20.4581541,60.102782],[20.4609665,60.1038128],[20.4813698,60.1141395],[20.5017707,60.1159102],[20.5049971,60.115412],[20.5065844,60.1146791],[20.509544,60.1119138],[20.5098779,60.1116024],[20.5106347,60.1115177],[20.5101382,60.1116882],[20.5098807,60.1119949],[20.5071566,60.1147979],[20.5059956,60.1175866],[20.5053358,60.1193847],[20.5071983,60.120962],[20.5120037,60.1236348],[20.5175838,60.1263994],[20.5225899,60.1279191],[20.5300518,60.1301329],[20.5340204,60.1317669],[20.5390447,60.134403],[20.548293,60.1394888],[20.5562548,60.1443089],[20.563452,60.1486619],[20.5656812,60.1499912],[20.5689985,60.1516824],[20.5759399,60.1531015],[20.585522,60.1549544],[20.6047266,60.1586207],[20.6089849,60.1595512],[20.6129846,60.1607347],[20.6311056,60.1660636],[20.6504423,60.1717131],[20.6679828,60.1769587],[20.6755972,60.1792722],[20.6917854,60.18419],[20.694851,60.1847959],[20.6981319,60.1849405],[20.7143099,60.1855689],[20.7301736,60.1860495],[20.7439247,60.1863584],[20.7472614,60.1869035],[20.7501185,60.1878487],[20.7509113,60.1891752],[20.750008,60.1905966],[20.7471455,60.1929042],[20.7376977,60.2006519],[20.7267135,60.2096711],[20.7224552,60.2133099],[20.7208995,60.2148816],[20.720656,60.2165162],[20.7216001,60.2176779],[20.7233221,60.2184645],[20.7260151,60.2187986],[20.726748,60.2191638]]}]}');
